date,kor_article_count,kor_relevant_article_count,kor_average_risk_score,kor_max_risk_score
2009-06-03,1,1,3.0,3
2011-06-23,1,1,1.0,1
2013-12-12,1,1,3.0,3
2017-02-28,1,1,0.0,0
2018-07-31,1,1,0.0,0
2018-10-07,1,1,0.0,0
2019-04-14,1,1,2.0,2
2019-12-29,1,1,6.0,6
2020-12-17,1,1,0.0,0
2021-05-13,1,1,3.0,3
2021-09-10,1,1,0.0,0
2021-09-27,1,1,1.0,1
2021-10-06,1,1,1.0,1
2021-10-07,1,1,0.0,0
2021-10-19,1,1,0.0,0
2021-10-20,2,2,-4.0,-3
2021-10-21,2,2,-2.5,0
2021-10-23,2,2,0.5,1
2021-10-24,3,3,0.0,0
2021-10-25,1,1,0.0,0
2021-10-26,5,5,0.0,0
2021-10-27,2,2,-1.5,0
2021-10-28,2,2,-1.0,1
2021-11-01,3,3,2.0,5
2021-11-02,3,3,2.3333333333333335,5
2021-11-03,3,3,3.0,5
2021-11-04,6,6,3.6666666666666665,5
2021-11-05,6,6,1.8333333333333333,5
2021-11-07,5,5,2.6,5
2021-11-08,5,5,2.4,5
2021-11-09,2,2,3.5,5
2021-11-11,9,9,1.1111111111111112,6
2021-11-12,2,2,2.0,5
2021-11-14,1,1,2.0,2
2021-11-17,1,1,-3.0,-3
2021-11-24,1,1,5.0,5
2021-11-27,1,1,-3.0,-3
2021-11-29,1,1,0.0,0
2021-12-03,1,1,5.0,5
2021-12-04,1,1,-3.0,-3
2021-12-05,2,2,1.0,3
2021-12-10,1,1,0.0,0
2021-12-11,1,1,-5.0,-5
2021-12-16,1,1,2.0,2
2021-12-19,1,1,-5.0,-5
2021-12-31,1,1,5.0,5
2022-01-01,1,1,1.0,1
2022-01-04,1,1,0.0,0
2022-01-14,1,1,0.0,0
2022-01-20,2,2,0.0,0
2022-01-26,1,1,3.0,3
2022-01-30,1,1,-1.0,-1
2022-02-03,1,1,-2.0,-2
2022-02-06,2,2,-1.5,0
2022-02-11,1,1,0.0,0
2022-02-13,1,1,0.0,0
2022-02-18,1,1,0.0,0
2022-02-23,1,1,-1.0,-1
2022-02-24,1,1,0.0,0
2022-03-01,1,1,2.0,2
2022-03-10,1,1,0.0,0
2022-03-12,1,1,0.0,0
2022-03-16,4,4,0.75,3
2022-03-21,1,1,0.0,0
2022-03-23,1,1,0.0,0
2022-03-24,2,2,0.0,0
2022-03-25,1,1,0.0,0
2022-03-27,1,1,0.0,0
2022-04-04,1,1,1.0,1
2022-04-05,4,4,0.5,2
2022-04-17,1,1,-3.0,-3
2022-04-26,1,1,0.0,0
2022-04-29,4,4,-2.25,0
2022-04-30,1,1,3.0,3
2022-05-02,1,1,0.0,0
2022-05-03,1,1,0.0,0
2022-05-09,1,1,0.0,0
2022-05-10,1,1,1.0,1
2022-05-11,4,4,0.0,0
2022-05-12,1,1,0.0,0
2022-05-13,1,1,0.0,0
2022-05-14,1,1,-1.0,-1
2022-05-15,2,2,1.5,3
2022-05-25,1,1,0.0,0
2022-05-26,1,1,0.0,0
2022-05-27,1,1,0.0,0
2022-05-28,1,1,0.0,0
2022-06-06,1,1,0.0,0
2022-06-07,1,1,3.0,3
2022-06-10,1,1,2.0,2
2022-06-14,1,1,0.0,0
2022-06-19,2,2,0.0,0
2022-06-20,2,2,0.0,0
2022-06-25,1,1,3.0,3
2022-06-27,2,2,0.5,1
2022-06-30,1,1,0.0,0
2022-07-01,2,2,-0.5,0
2022-07-04,1,1,1.0,1
2022-07-07,1,1,0.0,0
2022-07-12,1,1,-2.0,-2
2022-07-13,1,1,0.0,0
2022-07-18,1,1,0.0,0
2022-07-22,2,2,-1.5,0
2022-07-25,1,1,-2.0,-2
2022-07-26,1,1,0.0,0
2022-07-30,2,2,-1.5,-1
2022-08-02,1,1,0.0,0
2022-08-11,1,1,0.0,0
2022-08-15,1,1,0.0,0
2022-08-16,2,2,-1.5,0
2022-09-06,2,2,0.0,0
2022-09-08,1,1,0.0,0
2022-09-13,1,1,0.0,0
2022-10-06,1,1,0.0,0
2022-10-12,1,1,3.0,3
2022-10-17,1,1,3.0,3
2022-10-18,3,3,0.0,3
2022-10-19,1,1,3.0,3
2022-10-20,1,1,0.0,0
2022-10-29,1,1,0.0,0
2022-11-01,1,1,0.0,0
2022-11-14,1,1,0.0,0
2022-11-18,1,1,0.0,0
2022-11-23,1,1,4.0,4
2022-11-24,1,1,0.0,0
2022-11-27,1,1,0.0,0
2022-11-28,4,4,3.5,10
2022-11-29,6,6,5.0,7
2022-11-30,12,12,4.333333333333333,9
2022-12-01,7,7,3.142857142857143,6
2022-12-02,4,4,3.5,7
2022-12-03,2,2,5.0,10
2022-12-05,6,6,5.0,7
2022-12-06,12,12,2.6666666666666665,7
2022-12-07,1,1,1.0,1
2022-12-08,2,2,2.0,4
2022-12-09,2,2,-4.0,0
2022-12-11,1,1,-2.0,-2
2022-12-19,3,3,-0.6666666666666666,2
2022-12-21,1,1,0.0,0
2023-01-01,1,1,-1.0,-1
2023-01-02,1,1,0.0,0
2023-01-03,2,2,-1.5,0
2023-01-04,1,1,0.0,0
2023-01-08,1,1,1.0,1
2023-01-13,1,1,3.0,3
2023-01-14,2,2,-0.5,0
2023-01-18,3,3,-1.0,0
2023-01-21,2,2,0.5,1
2023-02-02,2,2,0.0,2
2023-02-04,1,1,0.0,0
2023-02-11,1,1,0.0,0
2023-02-12,1,1,0.0,0
2023-02-14,1,1,0.0,0
2023-02-15,1,1,0.0,0
2023-02-16,1,1,0.0,0
2023-02-23,1,1,0.0,0
2023-02-24,3,3,1.6666666666666667,3
2023-02-28,1,1,0.0,0
2023-03-14,1,1,-6.0,-6
2023-03-19,1,1,0.0,0
2023-03-20,2,2,-5.0,-3
2023-03-21,1,1,-3.0,-3
2023-04-04,1,1,-3.0,-3
2023-04-16,2,2,0.0,0
2023-04-17,2,2,-1.5,0
2023-04-18,1,1,-3.0,-3
2023-04-20,2,2,0.0,0
2023-04-26,1,1,0.0,0
2023-04-27,2,2,0.0,0
2023-05-03,1,1,-7.0,-7
2023-05-23,1,1,0.0,0
2023-05-24,1,1,0.0,0
2023-06-13,1,1,0.0,0
2023-06-22,1,1,0.0,0
2023-06-26,2,2,0.0,0
2023-07-10,1,1,0.0,0
2023-07-20,1,1,0.0,0
2023-07-27,1,1,0.0,0
2023-08-01,1,1,0.0,0
2023-08-04,1,1,0.0,0
2023-08-10,3,3,0.0,0
2023-08-14,1,1,-3.0,-3
2023-08-26,1,1,0.0,0
2023-09-04,1,1,0.0,0
2023-10-04,1,1,0.0,0
2023-10-05,1,1,0.0,0
2023-10-11,1,1,0.0,0
2023-11-06,1,1,-2.0,-2
2023-11-20,1,1,2.0,2
2023-11-22,1,1,0.0,0
2023-12-12,1,1,0.0,0
2023-12-18,1,1,0.0,0
2023-12-25,1,1,0.0,0
2024-01-01,1,1,0.0,0
2024-01-02,4,4,0.0,0
2024-01-03,2,2,0.0,0
2024-01-04,2,2,0.0,0
2024-01-12,1,1,0.0,0
2024-01-13,1,1,0.0,0
2024-02-06,1,1,0.0,0
2024-02-11,1,1,0.0,0
2024-02-18,1,1,0.0,0
2024-03-04,1,1,0.0,0
2024-03-06,1,1,0.0,0
2024-03-07,1,1,0.0,0
2024-03-12,1,1,0.0,0
2024-03-14,1,1,0.0,0
2024-03-17,1,1,0.0,0
2024-03-21,2,2,0.0,0
2024-03-27,1,1,0.0,0
2024-04-03,1,1,0.0,0
2024-04-06,1,1,-3.0,-3
2024-04-08,1,1,0.0,0
2024-04-16,1,1,-3.0,-3
2024-04-17,2,2,0.0,0
2024-04-29,1,1,0.0,0
2024-05-03,1,1,-9.0,-9
2024-05-09,1,1,0.0,0
2024-05-17,1,1,0.0,0
2024-05-23,1,1,0.0,0
2024-05-25,2,2,-1.0,-1
2024-05-28,2,2,0.0,0
2024-06-07,2,2,0.0,0
2024-06-11,1,1,0.0,0
2024-06-18,1,1,0.0,0
2024-06-21,1,1,-1.0,-1
2024-06-29,2,2,2.0,4
2024-06-30,3,3,0.0,1
2024-07-01,3,3,0.3333333333333333,3
2024-07-02,1,1,3.0,3
2024-07-06,2,2,2.0,3
2024-07-09,2,2,1.5,3
2024-07-13,3,3,-1.0,1
2024-07-17,1,1,3.0,3
2024-07-22,1,1,0.0,0
2024-07-25,1,1,0.0,0
2024-07-29,1,1,0.0,0
2024-08-01,1,1,0.0,0
2024-08-21,1,1,-3.0,-3
2024-09-10,1,1,0.0,0
2024-09-12,2,2,0.0,0
2024-09-14,1,1,-1.0,-1
2024-09-23,2,2,0.0,0
2024-09-27,1,1,0.0,0
2024-10-02,2,2,0.0,0
2024-10-03,1,1,0.0,0
2024-10-16,1,1,0.0,0
2024-10-17,1,1,0.0,0
2024-10-20,1,1,-3.0,-3
2024-10-23,5,5,-1.4,0
2024-10-24,1,1,-1.0,-1
2024-10-28,1,1,-1.0,-1
2024-10-29,1,1,0.0,0
2024-10-31,2,2,1.5,3
2024-11-01,1,1,0.0,0
2024-11-02,1,1,2.0,2
2024-11-06,1,1,0.0,0
2024-11-10,1,1,0.0,0
2024-11-25,1,1,0.0,0
2024-11-28,1,1,0.0,0
2024-12-05,1,1,0.0,0
2024-12-10,1,1,2.0,2
2024-12-12,2,2,0.0,0
2024-12-18,1,1,2.0,2
2024-12-26,1,1,0.0,0
2024-12-31,1,1,0.0,0
2025-01-11,1,1,2.0,2
2025-02-04,1,1,0.0,0
2025-02-06,1,1,-3.0,-3
2025-02-07,1,1,6.0,6
2025-03-01,1,1,-1.0,-1
2025-03-15,1,1,-1.0,-1
2025-03-16,1,1,3.0,3
2025-04-05,2,2,-1.0,-1
2025-04-12,2,2,-1.5,-1
2025-04-21,1,1,-3.0,-3
2025-04-22,7,7,-2.5714285714285716,0
2025-04-29,1,1,3.0,3
2025-04-30,2,2,1.0,2
2025-05-03,1,1,0.0,0
2025-05-04,1,1,-1.0,-1
2025-06-07,1,1,-2.0,-2
2025-06-09,1,1,1.0,1
2025-07-14,1,1,-1.0,-1
2025-07-26,1,1,-8.0,-8
2025-08-15,1,1,-3.0,-3
2025-08-16,1,1,-1.0,-1
2025-09-27,1,1,2.0,2
2025-10-18,1,1,0.0,0
2025-10-21,1,1,-3.0,-3
2025-10-22,16,16,-2.125,0
2025-10-23,2,2,-1.5,-1
2025-10-25,1,1,-6.0,-6
2025-10-28,4,4,1.0,3
2025-11-01,3,3,2.0,4
2025-11-03,1,1,5.0,5
2025-11-08,1,1,3.0,3
2025-11-10,1,1,0.0,0
2025-11-12,1,1,2.0,2
2025-11-14,2,2,2.5,5
2025-11-17,2,2,1.5,3
2025-11-18,1,1,0.0,0
2025-11-19,1,1,1.0,1
2025-11-21,1,1,0.0,0
2025-11-22,1,1,3.0,3
2025-11-25,1,1,2.0,2
2025-11-29,4,4,0.25,3
2025-12-01,1,1,0.0,0
2025-12-02,1,1,-2.0,-2
2025-12-13,5,5,-3.0,-1
2025-12-14,1,1,-1.0,-1
2025-12-20,3,3,-2.3333333333333335,1
2025-12-23,1,1,-1.0,-1
2025-12-26,1,1,-1.0,-1
2025-12-27,4,4,-2.0,-1
2025-12-28,1,1,-4.0,-4
2026-01-03,1,1,-5.0,-5
2026-01-10,5,5,-1.2,-1
2026-01-17,6,6,-2.1666666666666665,-1
2026-01-18,1,1,-5.0,-5
2026-01-19,1,1,-2.0,-2
2026-01-24,5,5,-0.2,1
2026-01-26,1,1,-2.0,-2
2026-01-31,2,2,-1.5,-1
2026-02-06,1,1,-1.0,-1
2026-02-07,5,5,-2.2,-1
2026-02-14,5,5,-1.0,0
2026-02-17,1,1,0.0,0
2026-02-22,1,1,2.0,2
2026-02-25,1,1,0.0,0
2026-03-01,1,1,3.0,3
2026-03-02,2,2,1.5,3
2026-03-04,11,11,1.7272727272727273,3
2026-03-05,45,45,1.6222222222222222,7
2026-03-06,50,50,2.52,7
2026-03-07,15,15,1.4666666666666666,6
2026-03-08,28,28,1.6428571428571428,6
2026-03-09,24,24,2.0,5
2026-03-10,13,13,-0.15384615384615385,6
2026-03-11,17,17,-2.2941176470588234,1
2026-03-12,20,20,1.85,6
2026-03-13,23,23,2.0869565217391304,4
2026-03-14,9,9,0.4444444444444444,2
2026-03-15,8,8,1.125,5
2026-03-16,8,8,1.0,4
2026-03-17,5,5,2.2,4
2026-03-18,2,2,2.5,4
2026-03-19,2,2,0.5,1
2026-03-20,2,2,1.0,3
2026-03-21,5,5,1.8,2
2026-03-23,6,6,0.3333333333333333,3
2026-03-24,1,1,5.0,5
2026-03-25,3,3,1.0,4
2026-03-26,17,17,4.352941176470588,7
2026-03-27,17,17,5.0588235294117645,7
2026-03-28,11,11,3.5454545454545454,6
2026-03-29,6,6,2.5,6
2026-03-30,6,6,4.5,12
2026-04-02,3,3,2.3333333333333335,6
2026-04-03,5,5,4.0,6
2026-04-04,1,1,0.0,0
2026-04-05,4,4,1.0,3
2026-04-06,5,5,2.8,4
2026-04-07,8,8,1.625,3
2026-04-08,6,6,2.3333333333333335,5
2026-04-09,3,3,1.0,3
2026-04-10,6,6,3.5,6
2026-04-11,2,2,2.5,5
2026-04-13,1,1,2.0,2
2026-04-14,4,4,2.5,4
2026-04-15,1,1,3.0,3
2026-04-16,2,2,-0.5,0
2026-04-17,4,4,0.0,0
2026-04-19,1,1,0.0,0
2026-04-20,2,2,3.0,3
2026-04-21,7,7,0.5714285714285714,3
2026-04-23,5,5,3.4,5
2026-04-24,2,2,3.0,3
2026-04-25,1,1,3.0,3
2026-04-26,2,2,6.5,7
2026-04-27,4,4,3.0,6
2026-05-02,2,2,3.5,4
2026-05-06,2,2,0.5,3
2026-05-08,1,1,2.0,2
2026-05-09,3,3,0.3333333333333333,1
2026-05-11,1,1,1.0,1
2026-05-12,1,1,-4.0,-4
2026-05-13,1,1,0.0,0
2026-05-14,2,2,2.0,6
2026-05-15,1,1,3.0,3
2026-05-16,2,2,-4.0,-2
2026-05-18,1,1,3.0,3
2026-05-20,2,2,0.5,4
2026-05-22,5,5,-0.6,2
2026-05-23,6,6,-1.1666666666666667,1
2026-05-24,1,1,-1.0,-1
2026-05-28,1,1,3.0,3
