seen_date,title,domain,source_country,source,url,escalation_score,deescalation_score,net_score
"Sat, 06 Jun 2026 17:16:59 GMT","Iran launched missiles and drones toward Strait of Hormuz, U.S. military says - The Washington Post",news.google.com,,Google News RSS,https://news.google.com/rss/articles/CBMitwFBVV95cUxNMnhrZmU1dEJXQzRJQWFaelI4LVZlUE01ZERhS3VKUzhsRXNEa3N1elZRc3VTRXlnclJvNTNyM1FUOFpLdjUxNmplY0xub29CUzRmZFQ1ZThsT0hsT29IcU96TjlJeVk2Y2s3eHUtN0FVekRhRnhuVG0xMTBTSC1sal9JVkVGalY4UTFvOS12UXppY1RJdHVHaUFpOEJOenJiV1RZdmp1aVpqS2xVOElPYWh2VHJuZ3M?oc=5,2.2,0.0,2.2
"Sat, 06 Jun 2026 18:18:01 GMT",Live - Iran launches missiles toward Kuwait and Bahrain as US strikes radar sites - ایران اینترنشنال,news.google.com,,Google News RSS,https://news.google.com/rss/articles/CBMiXkFVX3lxTFA1b0pIT0lBVkxGRFM4TjVwcnM0MXhiQm1iMFYwbDhCU2VibF9ZcTRBemZKa0RyREJjLTA3N3N1ODZYVm5mamY1TVlWOUd5QWUxWWxpV21DR3QwcDF5dXc?oc=5,1.8,0.0,1.8
"Sat, 06 Jun 2026 14:46:20 GMT",US and Iran exchange strikes in Gulf in latest test of ceasefire - BBC,news.google.com,,Google News RSS,https://news.google.com/rss/articles/CBMiWkFVX3lxTE9NcGpqajQxUkRMcHZWNWNOb2dWS0FRRHIzUEo4RlRub0RKRmtHbV9wMWZjbjVacmRVd1BmeW5CUTg5aEw0ZHpoeGJPRnpKeDJQZjBueFRPNDZUUQ?oc=5,0.0,1.3,-1.3
"Fri, 05 Jun 2026 22:50:31 GMT",What may happen as oil supplies dwindle and Strait of Hormuz remains mostly closed - PBS,news.google.com,,Google News RSS,https://news.google.com/rss/articles/CBMitwFBVV95cUxNSW5ydEZaZWdXclYwdmFTMUJUX0pCX0dmbGRzY3BBN0VFQkJYdkVmQWFIQlktYjZRdDhiVXZ3R0pnN0Q5aVJ4alBWSDVvMTMtZVc0THZFN0dKZTAxa01keDgweXJkM3poLWk3cjllTGFqNm43VEFFUjYwQ2Vtd2haSVpFdjdodW5RZ1B2TzZPYTZhM0RMbWtlUXU5WkZra085SUlITnA5YThnalRFdS1iNkdId29hZ1k?oc=5,1.6,0.0,1.6
"Sat, 06 Jun 2026 10:21:01 GMT",Russia's Sechin says US companies benefit from Strait of Hormuz closure - Reuters,news.google.com,,Google News RSS,https://news.google.com/rss/articles/CBMitAFBVV95cUxPSHJyOUJ0WVpCMVZ2MFNmNWEtQ1JuZW1LUW5obFNZZTlEZDBmcWE3S3ZYYXI0Q0Y5MHJLNjdGSjI1RnVRYmdtdmtqWGFIWmRINy1RdWMzdGMxTEROWENRQnJlMUxma2FkTHVNN1BDLW83QjdWWHhhdG9nZ3ktU1dGQk5KMFFyR09wZXM4bHhXSGxnWFZEMUJkb3BoRDNkc3FjUW5NODJyR2tRZlB5Q1ltN3RUcjY?oc=5,1.6,0.0,1.6
"Sat, 06 Jun 2026 11:09:52 GMT","U.S. strikes Iranian sites after Iran launches drones, in latest Gulf flare-up - CNBC",news.google.com,,Google News RSS,https://news.google.com/rss/articles/CBMisgFBVV95cUxNemt1WmRyM01fRGd3NjFHalZ6OVlQdVl5TnNXRjVic2lwOXJYOEViZi1renJjc2MxMVJhX2szdWNxRGVJQXVHZmJTa1BlTmhpblJIUF9jeUlZWG1fV1l1ZlVoUDRwcDRBZEQ4VmtsSzZ5VUFLY3hUM0VKS24tS1k1S2w1M3p6UFFWX1pJeGJPTGVtZlN6Y2ZZcm84eEJvNDh4THhkXzY3ZlBmejJNM2RjNUlB0gG3AUFVX3lxTFAydi1TQ0RhN1R6YVJHYnFfVUpOWHN2V2sxMUdiWjFZZ0FZMGVRVnZOTldKeXZPRlpxRGV1UWpoOUJTZ2YtNzl0TGgtbHZYQ1E5QWdfZmVyV2J1Q2pkV1h5RUlZVnFmWHJvczZaQml0QVJDZWJBOWE2QWc4eHAzUjhKNHkwd0pocXBaM3FtRU9SSGV3Vkx2WUd1TWJ2YXhYTGZMZEM4NkdfTjNkaUp3SVp1Q2tFRDdtZw?oc=5,0.0,0.0,0.0
"Fri, 05 Jun 2026 20:29:18 GMT",How oil is finding its way around the Strait of Hormuz - NPR,news.google.com,,Google News RSS,https://news.google.com/rss/articles/CBMioAFBVV95cUxPS2EtbFdzaVpDS0ViWjA3NDc0S3RhbEJITVl6NGNoNldlamVIdlFjUkxrbzJmalJTSlQ2cWlSeEpmR0ZCU2lSS3MtQmp0RDFYUUlMNTM3dzkwZE5Qb2c2am4zWGV3cXoyaUpsc0d6WUxRVnFhUkQta1BMTVVSR0x1b0FOTTBCOUJkWXItczFmczFHd1Y2NkJmU0pTV2IwdHFZ?oc=5,0.4,0.0,0.4
"Fri, 05 Jun 2026 18:55:43 GMT",Trump’s Blockade Is Zeroing Out Iran’s Oil Exports - Foundation for Defense of Democracies,news.google.com,,Google News RSS,https://news.google.com/rss/articles/CBMikwFBVV95cUxORzdTeWdZM1dqeHJ1V1FtY1dZVGUwakVBSFcybGV1aHVXSll1d3JMM1VoTml5cEFoRVNoM1RXYlRpblhNcG1McTNRZVJlakNWQzdRU0hyd0FVUGxWZHMtbVVVSHhydEFCOUZNRXVtRkhPTE0yVUZSR05ac1gzSDVfTWhqU2J6Y0FVdmtrNll5V29SM3c?oc=5,1.3,0.0,1.3
"Sat, 06 Jun 2026 16:35:10 GMT",A new exchange of fire with Iran in the gulf tests the fragile ceasefire - Los Angeles Times,news.google.com,,Google News RSS,https://news.google.com/rss/articles/CBMitwFBVV95cUxOSGRoa1BpUDM3dXp5SV9nQTRjbmtvdkxRR19RQWlCREdmSTBreGxFbzlYNVc4Q05iY2tZQ1hjVmNLZFljNXVsSTBTUzFISEpzem9oZk05RzBDUlpkQXFnR1F6VTktY3loZ3BsWXhLejJadEk3LThKdjE1azNfcHN3Sm5KSDc1ZXp5dnhPYWF2dnZxX3ZPbjEtNnhsMW9uanpmd0g1aFFXSG04TUtUTjk3NXFRM2RBOTg?oc=5,0.0,1.3,-1.3
"Sat, 06 Jun 2026 12:28:02 GMT",Oil tanker owners fear market crash after Iran war drove record profits - Financial Times,news.google.com,,Google News RSS,https://news.google.com/rss/articles/CBMihAFBVV95cUxPa2phaF85LUdSWkdEM3MyZjJ1OF9Ea3NtNVRvSEJVcUgwUXFfUTNOSW1mTElnM0RGT2ktR3lTR1FGNXVMNGtTVXdjeUIwWU9qMzZnUWtHNGpaUndxdURxQ0dqdlE3dTJKWUNFYko2VkJsblhTNU8zY25EMzhVbW9tU3BjYUE?oc=5,0.8,0.0,0.8
"Fri, 05 Jun 2026 21:57:00 GMT","U.S. Forces Interdict Ship Connected to Iran in Indian Ocean, Iranian Oil Exports See Decrease - USNI News",news.google.com,,Google News RSS,https://news.google.com/rss/articles/CBMiwwFBVV95cUxOYjRDcFp6ZU55dWZ2T0NCR215ZEl2eGU0Rl92SVVRcnV5dTFDR084SDh1ODJrOElqX21tbGhOc2ZsYkdDTEpUa3p5SlZCM2JJcVQzOE9lM0dUeUdtbHY2aXlCR2tGaktxTmswd0tmX053Ump3Qm8xVzFsNFYtc0xTdnJsRFl0aklaVloxMGNua2wyNE1wNGRuZW1uZmV5Q3lCMWJBaElTMGdhc1F0WUsxdXRrMXhvQnBmdzhkdm16SzlwZWM?oc=5,0.0,0.0,0.0
"Sat, 06 Jun 2026 17:12:00 GMT","100 days into the war on Iran, Trump fails to rally US support - Al Jazeera",news.google.com,,Google News RSS,https://news.google.com/rss/articles/CBMiowFBVV95cUxOUDdNaDBiWV9KaElmWkFORklrRVFTZmdsd1NGVU9mUXVtdXVQY3YtQmpoOUVEdWZZWnMyZHpnbjhFQ0Q5OThQcHlpMFB0cHNnNkdyVkladTVsSVNlbWduVVhibHhlblptLTZpU1RacTV0RC1DcE1pYlVXcmExajlvNk95WnNLU0FNeHd5Wm9ROXBGekd3czljU0c1N3Iwdk53VTRz0gGoAUFVX3lxTE9MVDdWVlNtVFdENEt3V004Nm1hYUZOWXlFNDlyNjVsd1pzRFFfVUI2X1NrZDNzQ3ZSRG1Pb0JGVUVMTHpoa2ZoQVpyLXh0cEZuMGl0NGxTVWNJRzA0NUlyT3hTN0dXdERxUzRGclVvcFF0cF9TOF9URUNOSnhfRTdQNk55WmxQczdnYTRVa0tudmw2cUpsejZBM21mTUh5UHd6XzFVb3VZdw?oc=5,0.8,0.0,0.8
"Sat, 06 Jun 2026 17:15:00 GMT",Iran fires missiles at Gulf after US targets Iranian radar sites - Al Jazeera,news.google.com,,Google News RSS,https://news.google.com/rss/articles/CBMiqAFBVV95cUxNWEtwcXBMMWVTQkJtRnV0TVZ6LVJKVkgza0FDc1BlWjVMQlR2d3RPWnNfdnYyZXZvUm1xWVhNemFNUFRteGNnYXpxcHc1RWFuaWstZlZzX3EtV01NbUdyaDl4elFtODJuTkdmN3dUall2aEF5a3k5Y29zSlBqVnRZekhJU0phZjJrUkpsT2EwMEVQWDFsUExMakdZcjlOTEJRYWkyTTF6VmvSAa4BQVVfeXFMUFlDeDhkUmxrbGU2bXBqWG05UHNZWXQyV0ZNQ19pY2REWkN1RTFudXEtSlJyZThfV0daLWc5S19Lbk9iQkxXRUZHa2ozZ1BkYkliSWcwTlItQnRrekRqOXRnOXZJMW5scnRGQ2dmTG9MMjhicWpZYTRZd2ZkUGRReldPcGZYSXR4azVtZzBrbVF2RUdyOTJvSkNaOTd2SllicTdpVmtQdDNRUUpYQmlB?oc=5,1.0,0.0,1.0
"Fri, 05 Jun 2026 13:19:47 GMT",How the US naval blockade has bled Iran of nearly $6bn in oil revenues - Al Jazeera,news.google.com,,Google News RSS,https://news.google.com/rss/articles/CBMirgFBVV95cUxQWVc0Wks2R3dNRnBibFRXSWRjUE5GeUR2YzMzbFBvQVl6RXNRQ0VlRjdXR3B5NHI5dDNsdElSN0JOMmM3X3FsbHRjVEsweFo4cDFuMk9rcS1BaDFQNF8xMktpNk5zYlZfcmZONm9OUHk5VXJ0YjBtanNiX1ItVlhuTEhmT2ZURjFLUG5tbkQtS1FLU1FVX004OEE1V2ZYcTJoZEZ4RkhiUWFsUlEtZHfSAbMBQVVfeXFMT1dmOVZ5bHlVeTZtMUtpNmpuRkFQR3JmeUdZbER1TmhxSlJMUlFqYXFNQWpMWUdxX1BpTDlUcTlXVkNiV0xLREw4YXRzNElLUVdZVTNENU5SVnZsZEZkS1FnSUxWSlRaWXFhT0NjWFRELWlsQ2U1WmUxLVhSSjV5bERWMGFWaEl5cmpVcjhsbHFQM01hN0hvNENZRVA5NG5vMlhHUnYxYmgzMmNKSTR2SWZtcTg?oc=5,1.3,0.0,1.3
"Sat, 06 Jun 2026 08:56:56 GMT",Iranian Media Report the Seizure of a “US-Affiliated” Vessel in the Persian Gulf - Hasht-e Subh Daily,news.google.com,,Google News RSS,https://news.google.com/rss/articles/CBMiowFBVV95cUxPejZBSWZ1dmNnbmdDYUExUzhCOS1LZHlYcnQ2Yi1yN202eU9WQk5FZjg5VjQ2MnFqSHcwUXZzVnUxakcxQ1ZmSG9vREhZdWlzN1lwTnNkZVhWd2NmeXFfUFZGS1NCUmYtd0pydC1URkZHTWstV0ttcG9WdFU1OVNUaHNoUEVpendYUXAzT1ZUTG41ck1UbjhXUXhzTHQ2dVVnTGRj?oc=5,0.0,0.0,0.0
"Sat, 06 Jun 2026 18:27:40 GMT",US military shoots down 4 Iranian drones heading toward Strait of Hormuz - WLNS 6 News,news.google.com,,Google News RSS,https://news.google.com/rss/articles/CBMiswFBVV95cUxOQ1RGWmh2VS1hcEM0T2NydDl1dzEzTlBpcnNFVzNTckI1Rm0wRGVlQklxUVdmeWZyLXUtcFROMkVIMloxUkE0eVFoNTRLSG9HUmNrOTlnam9UV2ZaYWZYdXdjYUd1eWdGYjVDNnlPUzZNbnFrclE4Z0dpNXlidFJEVFViNmdrZThYUnBDa2xIc2FyTnNmUDVjNGFuMGctVmZ3cHhGamhjNUI4NURLWFc3bXN2c9IBuAFBVV95cUxOZ3VjWS1XaWRMcTdsdTdPMGw3dUJ3ZmNmdUZ0Z1h5WFZRMEl0eENFTUg4ZzEtZ1d4a1BvWnV0VGdNeXVfcDMwSE9KQ09WdlhVZ0M3NkhlaXpPX1ZBVmo0R1NqYWFNZU0wTko0YkNVc2oxNEZTME4xbnB5Q0JnamMxbThBRWFMN1lyODhKVEVyM2dQZWc3NVFaYUJoNUE4LWFDa21aampPNnNVYjFTb1h0eTZPOVJLUHNO?oc=5,1.2000000000000002,0.0,1.2000000000000002
"Sat, 06 Jun 2026 17:02:07 GMT","US again shoots down Iranian drones and missiles launched toward Strait of Hormuz, Tehran’s neighbors - New York Post",news.google.com,,Google News RSS,https://news.google.com/rss/articles/CBMiywFBVV95cUxQSjlzY0Y2WFdPcTB2SkRGcGpTRnE1VUcxQ0dqQ2dOcUw5WWl4Y1JnV0ROakJLalRwc3ptY2l4Z0FjejlFNXVuS2dzVUZwZnl2LWRWUW5ieEx5VVJRbElxWHYzeXVMOVA1dFlhUVM0Q1g4RWh4YnJvOVc0Q2Z6UmtqcGhjNDdlZGltMmdBRC1wNVdmSEdWUXR4UlRGTFRCcEJRZW9UYzlLeklKeFJDLWt2OC1LRm1hYlNWbHQyelJYY0VtYjNvdnBGQXJEMA?oc=5,2.2,0.0,2.2
"Sat, 06 Jun 2026 17:21:24 GMT","From Tehran to Tel Aviv: How press in Middle East is framing Iran war, ceasefire negotiations? - The Jerusalem Post",news.google.com,,Google News RSS,https://news.google.com/rss/articles/CBMiakFVX3lxTFBJMnBJeWEwQnk3ckJkLXZ4aDZFWFVIaEJVRE5yYTJHcjI2MUFLQVcydExxbmEtOHBOcnVCN2xfWmw3RGZEbTRTNlRySEQ4dnFDN3A3S1pyYjRFOVlEeXVMallQWTVXN25GdEE?oc=5,0.8,1.3,-0.5
"Sat, 06 Jun 2026 12:13:00 GMT",Trump says fertilizer prices will come 'way down' as attacks continue near Strait of Hormuz - WBAL-TV,news.google.com,,Google News RSS,https://news.google.com/rss/articles/CBMioAFBVV95cUxPcVlUaFJQSTFDT0Y1clA2RjB1LVgwYU5CaGpOWHdhd1MweFVFNTFwVXV2aURlaWwxVkhjZzJXUjZXcy1IcnRmMWs0dFgzQVczSzBCWGEwQUExSEVTU0NvdWxXc0wwMGdvSkYwa0xZdVREb2dvQ2ZLNkMwamdmRkc5cU1pTVJNQmd4U2puby1NZ21WeWs1czdSenpFMnNVRmZM?oc=5,2.4,0.0,2.4
"Fri, 05 Jun 2026 08:39:01 GMT",How the Strait of Hormuz standoff flipped the energy security debate - CNBC,news.google.com,,Google News RSS,https://news.google.com/rss/articles/CBMiiAFBVV95cUxPaWN1Y3lQVDlnN3MtMGlwME1GNVM4Yk5qZTVTQUNGQjgwRE80ZFR2dG9BeHV0NHRNOXh3QmJLNGRZOGVTeTA1MEstaVpBLWpYYU9qU25xUWJPajVZZldXZkZwM1lMWWR1cXdMU0RIX3p2TEY1OW1LYkU2Z2JxRW9PSnZhbkktRE1h0gGOAUFVX3lxTE10bXQ3RUJnTEVqa3V6c1ptQThDOHZZUzZrcHMtTmlhM01NX1ZpZER0dzA2bVM3eXBIUFoxV1VFSzJlR3JsaXpHWDluTkJtaWJYd1dtRUxUVXhQbWtOSDdGOHhONFZuSVB2Tk1yYXBNWGJPX1BFR25BWWItOEYwZEN6azBKV2h3U3J4dk1JdFE?oc=5,1.4,0.0,1.4
"Sat, 06 Jun 2026 15:18:00 GMT","US companies benefit from Strait of Hormuz disruptions, Rosneft chief says - Middle East Monitor",news.google.com,,Google News RSS,https://news.google.com/rss/articles/CBMiuAFBVV95cUxOQko1dy15OHVfdjZvMWptbGlvUUY3aEJaVlFkSUQtaVZucml6WURlWVduTGV6YTdmdDB3aFpfMU9hZ29ITEJfb1g0aHJzQ2hOWFp0RGpVeHc5MDBnSkJvcTAzM1luX3VycHIzZjQ1clBEQkFTNWxiTGJadlNRNTQydEJxaUotSFVyM0pMYmlGQWxEZEMtTmlGc0JqWFpuNEluN0ZmUjFPNmNJVXlQTzdjRVl2VjBTMUV60gG-AUFVX3lxTFA1eHVIclJOdGFxRVIwZjUxbjRoR1B5TmhQOXlfaEh0WExIY1RiRlFmeW5FZS1XbFN4UXE5M2ZvTGluZWNTSXRMTzN0d1JoNldXSlFHRUluVGR6MVdNc0VfOEJLQlNJZkJPTnV4Qnl4RkNSMWM5ajZQYzhId1M1cllnYmFfaHc5OFJlaVZzM0tpeDh1NElVR3cxWEYxalBhUDVBQkp3eFQtT3ROVFNvMTB4SFM0N0RMbGtxQkNtQmc?oc=5,1.4,0.0,1.4
"Sat, 06 Jun 2026 02:15:00 GMT",Kuwait Says It Was Targeted by Seven Iranian Missiles Overnight - Radio Free Europe/Radio Liberty,news.google.com,,Google News RSS,https://news.google.com/rss/articles/CBMiiAFBVV95cUxQWnhyaS1tS3NVV19VeVRlS1RUeUhFblVCTkRCWmg2Z2YwTW1uR051ZFctc3F2eEcyN29hbkJkLUY3THpPVzVaYVRlcTRybGlrTGVsX3ZvTFJyQmRELVNHckg3Nk9uOUw3V2RyN2lZY0dIMW1jLWVQSUVTdXBTZGpuVE55cDBQcG01?oc=5,1.0,0.0,1.0
"Sat, 06 Jun 2026 15:05:13 GMT",US forces redirect 129 commercial ships as part of Iran blockade - JNS.org,news.google.com,,Google News RSS,https://news.google.com/rss/articles/CBMinwFBVV95cUxQT3BYc3gwOU1WVFRrWlNQQmlnTHVOMUtjVXlYc1c2eDB1azRMYnFRbDQzTWJNX1BmOVBVOWljZzRtUEhxaElqVUlGZDFXWDhXTXo5dER3RzNkUW9QREJQalItZlpybENHMThxMUt6NnloekVYQ0V3RTVhWmxZYnVkbmQzVUdLMkxMdUZuWW51NGcyUEJaSk9HQVd6S29jYVE?oc=5,1.3,0.0,1.3
"Sat, 06 Jun 2026 08:51:10 GMT",Russia's Sechin says U.S. companies benefit from the closure of the Strait of Hormuz - CNBC,news.google.com,,Google News RSS,https://news.google.com/rss/articles/CBMivwFBVV95cUxNWVF1SFZKY1JXYXhkalJWUXBqS3VNWEx2VmtHX3UzVlVwM19ocGstdEhmUFVwVjhSSjdfemdNaGxOSG9FT1ZBeTBsUDl1OVJzWVVGV3NxM2tLSjM0VWFpaDJyaW5GUm1jMW5VTXR2QWpkTHd5Ty1UdXEyQnlxWWUzRUg3YUphaVVzZ3NDbkQyLU8wOXNiYVNVUFJMUG5YYWVTQnhaQVdaQmJiMlJxS0NCOTk4aW80UjNTdUpmWkV0ONIBvwFBVV95cUxNWVF1SFZKY1JXYXhkalJWUXBqS3VNWEx2VmtHX3UzVlVwM19ocGstdEhmUFVwVjhSSjdfemdNaGxOSG9FT1ZBeTBsUDl1OVJzWVVGV3NxM2tLSjM0VWFpaDJyaW5GUm1jMW5VTXR2QWpkTHd5Ty1UdXEyQnlxWWUzRUg3YUphaVVzZ3NDbkQyLU8wOXNiYVNVUFJMUG5YYWVTQnhaQVdaQmJiMlJxS0NCOTk4aW80UjNTdUpmWkV0OA?oc=5,1.6,0.0,1.6
"Sat, 06 Jun 2026 07:00:00 GMT",Hormuz crisis highlights China's unique oil strategy - Nikkei Asia,news.google.com,,Google News RSS,https://news.google.com/rss/articles/CBMimgFBVV95cUxPbkVib0xyZzRicHZlT1ZpNHpEWTZKVEtKQklkMk55UWhwYWhhaUh4QXlJeXhWWHAzX2tqRjBMbXpwdVlGZmhIOXVVVnEzaTNfRTB5ZGI5T2NHcWV6V2otZEhWekxhNUtxUHBXbzF2ZUZDZzVycnlvVnNMaTkxUnUzRWU4WHVtRFFWOWNLMm0zSWxtXzdONEIxanJR?oc=5,0.0,0.0,0.0
"Sat, 06 Jun 2026 05:03:04 GMT","Iran War Shipping Update – June 5, 2026 - United Against Nuclear Iran | UANI",news.google.com,,Google News RSS,https://news.google.com/rss/articles/CBMiigFBVV95cUxNa201N0RsR1pZV0hnN1J6Nzd1N3o5b2NMOVRyY1VSc0p3Yjd3VmdHeWtzUFA2THJWcHo5LWlYMWw1WjJrT25HaU1GeWpPWlNEWndTS2ZMUk56SHVFeGJ5elBiU203ZDhDazFjakFYRWRkb1UzN0dpZG1YNjZHV2M1OTlET010bGJIT0E?oc=5,0.8,0.0,0.8
"Fri, 05 Jun 2026 16:11:59 GMT",Tensions in the Strait of Hormuz; Iran’s Military Fires Warning Shots at US Destroyers - IranWire,news.google.com,,Google News RSS,https://news.google.com/rss/articles/CBMivgFBVV95cUxQZGtVd2JFTU0xbGpLSk9JNFJpQ1lXUU1YaTBoWU5BdGNGbUhOc1U3aG5DbmFjRGVGN2tuSTRxRDVlQjRvdXNfVmt0NkROSFpqa0JFWEFsSUFodHZhQnJRZzE2MXJudlByZnRVSE1ZMGhUdE1fM2RaSk9lNDU1VTRkUlJmMFM5cEVqeV9lUFIwanp3LW55eUhDeVZpcVhkYnFLOTFsenJrZTByMW84SnlBQmJLRldONzZCU2JtcDV3?oc=5,1.2000000000000002,0.0,1.2000000000000002
"Sat, 06 Jun 2026 09:06:10 GMT",ICC Secretary General: The Hormuz clock that matters isn’t diplomatic — it’s agricultural - Fortune,news.google.com,,Google News RSS,https://news.google.com/rss/articles/CBMiogFBVV95cUxNcnZmbDJYWlppRV9WNnlTRUVjVXRxY1NvMGIybFBrRmRCZGF3TUtKU1l4WU1NZnFpUXMxLVVrZ1o5emJYbzdFQVNSb0hpZjBidVB1U3loSlhFZWNsNVZlcGJkejJ5eGNwMkNZQUQ2RjljOHBjOGc5d1lOUFJ3V3U4WkFJcDdDUUFkNDg5UFZIVTVfMGE3QnUyQ25OOUxxOEptUlE?oc=5,0.0,0.0,0.0
"Fri, 05 Jun 2026 08:31:00 GMT",Oman resists US pressure to break ties with Iran over strait of Hormuz - The Guardian,news.google.com,,Google News RSS,https://news.google.com/rss/articles/CBMitwFBVV95cUxOenRIUGdYT0MxX25zazNRYWhRdEIzaTR4bTY4b0p6RXZIV3hYZmlNa3JhUVZvZDBXNUM4TkVJZW1Sd3NqZXpOVFZlSGJJMFRaRXhqdGNKSHJjSHZaNWlxOXJ4S2hoYXc5bWRseWtQWnktWlJSMTJVSmpCVDVOS29QcUE5TWtuM0txdllfQ3VuaG9kSDg2MlNWSFFteHVIaksxUWVyUmYzYlp5UUdrTTYzWWQ2ZHg2SWs?oc=5,0.4,0.0,0.4
"Sat, 06 Jun 2026 10:16:00 GMT",Russian executive says US using Strait of Hormuz to 'reshape' energy markets - Middle East Eye,news.google.com,,Google News RSS,https://news.google.com/rss/articles/CBMiuwFBVV95cUxQaEFid2VLMTJPYzVpN1JEMDBVQUw4WllIYXFsczh2V0pRWVhuTXVBdmQyNzE5SmVxR1VkaUFoODNLbXBwbEp5Sk1LWkhaRjktRkhrNUd0aFNUTTdZa2x1b3RKVlo4ZFRHdlBWdUUyckNQRDdralpIcFVSbnhNWFV2RVNUWE9LZGRuSlJ3OG40ZHdtRVVpZXBraFRVMlZJQzBZaXpYSmM3MGFZSTV2c3JGUXVxREZ2YXlPWm1N?oc=5,0.4,0.0,0.4
"Sat, 06 Jun 2026 00:39:22 GMT",US strikes Iranian radar sites after drone shootdown in Strait of Hormuz - South China Morning Post,news.google.com,,Google News RSS,https://news.google.com/rss/articles/CBMixAFBVV95cUxOTjRTYVVFdXJ6MTJQYll0U1ppYVZmVHVrY2xOVE4xXzhEUTFrenNub0NyaElyS3MxXzZEbGlySWJVQ3ZmczN6T0ozXzNiVGVZTTcwZ01sbTRKRi1GMVZRZGJaLWhWT2VZUEtrQllQcXloY2tzWkhxUG1qeDE4NG1rRjVBV0U2d25tVmhrYXp1SjVEZnpybmRXVHhwTndDb0tjOTFfUHg1cjVrU3RwYTcwaGRsRnhiUW0xM253UVYzUUtrcHkw0gHEAUFVX3lxTE8zY01MWGR0ZFZqZ3JLRzM4M2pjeE1ReC1NVEczVk9iYl9OT0hpMjR5S3hueWNyZkQ1bS1UV0xvajI0MWtkcTlYNVJGRUJkbE5XQ2MxekdTaHliNWxBZzdKcC1RQy1RZXI3UExyVXQ3cENvbXFCWjV1MFpVLU9BenVhVXNYRlZaZFFzMU8wcDlsMTM4TUwtWXMzamo0Njl4ZXNVNmx4ZEdaOG5HdUpKcFRrYjllYXBrS3prU0VUUGRmRkxmRFk?oc=5,0.4,0.0,0.4
"Sat, 06 Jun 2026 12:05:04 GMT",Trump faces political risk as Iran insists on immediate cash release - Ynetnews,news.google.com,,Google News RSS,https://news.google.com/rss/articles/CBMiV0FVX3lxTE5vaEwtRUM3UkY4RTItTWdJR1hCaklXdGpzT053cS1kaHZvWFFyVkc2WnIzRWhpVHJOOFhRTTZoOXlRRnZsU29KLTIzODBqSEZxeHdEQnlHdw?oc=5,0.0,0.0,0.0
"Sat, 06 Jun 2026 02:55:00 GMT","US military says it shot down Iranian missiles, drones launched toward Gulf allies, Strait of Hormuz - AP News",news.google.com,,Google News RSS,https://news.google.com/rss/articles/CBMiigFBVV95cUxPY1h5Qk1UNmoyeVpUMGJlLVlteWk0TTlqd1pCSHNGX1h5Q1c2aW9PZ3NaY1BNM1NHdWs5bUFHRHdkX0ZPallOVFRMNmVBSkFMM1prWW9mUHVKSmpZa3MxSWZBQkh3aFNqNWpCRERmYzBUREN3MzVUcUgzRFpxNVdaX0pkMC1SazlvX2c?oc=5,2.2,0.0,2.2
"Sat, 06 Jun 2026 00:02:00 GMT","US strikes Iranian sites after Iran launches drones, in latest Gulf flare-up - Reuters",news.google.com,,Google News RSS,https://news.google.com/rss/articles/CBMiyAFBVV95cUxOZ1o1RDBJVGVQai1scDRmSmlnaWxVZlZBaDZyZUswRHNMY0c1N25BM053RXdmWGV5aGJkalg3V0lpUnpVOEFpUWY5YTBCY0syV1dmejdaUVlJVXZkc0tNVTQ2RmlTVWlEUVlDYkZEYl9yQVZ1QWtLVzZYNl9RRTBzaENsNlBVMWJCYjJLd0ZtdGlpUTljLVBhV0JlVDFJRWJwdm9YQjhIZ3BqdHdua2Z6TFMzS0xXbHhuZTFuNC0yWDhHaUlWSFo2MQ?oc=5,0.0,0.0,0.0
"Sat, 06 Jun 2026 09:29:46 GMT",Rosneft Chief Says US Energy Firms Gain From Strait Of Hormuz Closure Amid Global Oil Disruption - International Business Times,news.google.com,,Google News RSS,https://news.google.com/rss/articles/CBMivAFBVV95cUxQY2ZuUF9qdDZoeFVWZkx2d3VEOEtvd19MNHJtOFh2aDNzNGZ3bmZncjh6Z0ZWNWpTZzhGaDdxVlRrRnVmcUJ2Mm95RnpOM3NFYmVCb3ZBazFuSk9mMV9GTlloSFZxTmY2VU1fWGZGZDZDakJ5bnBpMmZNRnFGdHBBQXFqam45UloySnRtNVJmMzhfMklVUWhYRldaWDlHdTZMWEMySVhBdDdjeTE0TkVkb3pWaTNBbHNGQWh3Tg?oc=5,2.6,0.0,2.6
"Sat, 06 Jun 2026 16:18:59 GMT","CENTCOM: Iran fired seven ballistic missiles at Kuwait, Bahrain, drones at Hormuz - JNS.org",news.google.com,,Google News RSS,https://news.google.com/rss/articles/CBMisgFBVV95cUxPZDM1RVRrazA1aTF4THFzTzBkdG5jMkZnZDdsaXJfZzFFa0xRVC1YUzl4YTNxNkI5M1VwcS14VlYxblA4SHdoSUxpRDVTMlNmVGlFY2hWVlFsaFJjWFdoV0JtMHl4clRQTHFHaERfaUdjVG5mM19YbDBMRUttbVM0OXhZVEhuVmFNeXh5cGczUzNFbjdZMFZTbnVSMFlWWEJmOE9wSjhlVVRWZlp5X0w3bEVR?oc=5,1.0,0.0,1.0
"Fri, 05 Jun 2026 14:13:14 GMT",Hormuz and the Energy Transition: Change Doesn’t Just Happen - Council on Foreign Relations,news.google.com,,Google News RSS,https://news.google.com/rss/articles/CBMigAFBVV95cUxOamtfUWNBTGoyd0RtYVUyRW5DeVFiVFhBR2JDamRHODZ1RXdJOTA2cEp2OHVwN0VOZ3V5enF3N2dHMWJHeHpBUnVfTkw5b3FXbHhLZVoxbW4tVkNITFU1enlka0NLN2JpMVNFWTBaMy1aNkVzclMtZFV1OVIzeEZ1dw?oc=5,0.0,0.0,0.0
"Sat, 06 Jun 2026 08:58:33 GMT","In new Gulf flare-up, US attacks Iranian sites after Tehran drone launch - The Arab Weekly",news.google.com,,Google News RSS,https://news.google.com/rss/articles/CBMilgFBVV95cUxNZnFNTjlMZWZHTFBfUklVS0dvYUx3V1ZiUFM0eFZiVUxoVE5Wc3R0MVdKSGdlMnFvNzFBbF9PRGwwVlZNR1NFYVVpaHJnYW11MUpRMW11LW9ndlV3dERKMUloSmw2SS1tejNXQnR1aEZ3a1hzTWFkM1BLOGZmanFaalNHR1pvY29ZWlp6RlllZ1VlUEsyZVE?oc=5,2.0,0.0,2.0
"Sat, 06 Jun 2026 11:35:22 GMT",Oil Prices Soar After Trump's Threats To Iran In Primetime Address Trump Age (kRqKtlTrwH) - Mshale,news.google.com,,Google News RSS,https://news.google.com/rss/articles/CBMiW0FVX3lxTE1scXVPRGdObXJ0b1BDVHRySEhHa21scTJNbmhTUTB2Z2FlY0RuV29meXpBNm1VaFNMWnYwbFFqLTRyNl90aDd0OWM2bkpwbVpkaDhsODJVMVl2Rnc?oc=5,0.0,0.0,0.0
"Sat, 06 Jun 2026 09:40:38 GMT","Iran Fires Drones & Missiles Towards Ships In Strait Of Hormuz & Gulf Neighbours, U.S Shoots Down 4 - Marine Insight",news.google.com,,Google News RSS,https://news.google.com/rss/articles/CBMiwwFBVV95cUxNRW9RelBkMTNsdF9sV3FLRkwzWWJIUVB5Qk5ZMEhzTW14WEJyRkJZR0s2dnNaUDdLc1NwU1BnSDRzdmswbWhkWnN1YTNyVmxnMjU1N0pXdGpKcDZUUGhDYWhsOUFrcndvdEVFVDNHamdLdENJc2lxTXpoRkhVUTNnSHRNOG5pNGVjZ29XbzdlWUdxTWRIekFWcEJucXlRSXU1Nks5c2Y0NUg1RFNGLTJuOTRGVE5Kc3F5OF91RHB6N0U2Z0U?oc=5,2.2,0.0,2.2
"Sat, 06 Jun 2026 13:04:01 GMT",Latest updates on US and Iran war: American forces strike Iranian drones as Iran fire missile at US bases for Gulf in latest test of ceasefire - BBC,news.google.com,,Google News RSS,https://news.google.com/rss/articles/CBMiYkFVX3lxTE9keVduQjZqNW81bVJVS0hkdzF2U2haejZzNzNwUFBHWGsyeFpsbi1ycGFrUS1hZDdJNTBIRXVuUTVwN243X0lONndfRWF0MXhNRTZLVjdzV2pOZHA1SzFqTjdR0gFiQVVfeXFMT2R5V25CNmo1bzVtUlVLSGR3MXZTaFp6NnM3M3BQUEdYazJ4WmxuLXJwYWtRLWFkN0k1MEhFdW5RNXA3bjdfSU42d19FYXQxeE1FNktWN3NXak5kcDVLMWpON1E?oc=5,1.8,1.3,0.5
"Thu, 04 Jun 2026 05:00:06 GMT",Opinion | The Strait of Hormuz Is Blocked. The World Is Adjusting. - The New York Times,news.google.com,,Google News RSS,https://news.google.com/rss/articles/CBMijAFBVV95cUxPeE0wM1NSVUdzMlpwQWpSZWxCOE5PbUt2aWxHZlB5eHVSLWpTVUtyVDhqSktTLUdTNTYwMkFhc0NrZU05bmFRZ09KSEtFNERORXZ5T0MyTFMyYkNGUnBWZndNaTdRNDR5ZUNHQlBOR1VSUHZGSUJLVG1UaDk5VEdFb2VORFJNcXppWnRnXw?oc=5,0.4,0.0,0.4
"Fri, 05 Jun 2026 16:41:00 GMT",India's energy security at a crossroads: The Hormuz crisis and an opportunity for US-India cooperation - Atlantic Council,news.google.com,,Google News RSS,https://news.google.com/rss/articles/CBMi5wFBVV95cUxQem9WQkJEVnBqWDZXZmJ5ZzJzT2hETzQ3SF9FbG1rUWc4SmdsOFRFS1NOaXh1TjdBeFZxTlBfT19kSXRFcWEtSWJHVG5YTExfdFo0dlQ2U09LRkVDUUNzRTdPTHJoSTk0N2wydVdhOVBwbjc4dk50Qmt5WXc2YUtfSTNPUFgtLXNkWDZUVGJjZzFZOGswa09HMkU4Nlh6ZXYyVGJzOWJXODFydTZVQ0drSGo4TGlkWE9BaVNoWVNTZUFTUGRFMURQSWF3OWZSWXJFYlA2Zjh5bk9pYS1oR010UjA0LUMya3c?oc=5,0.0,0.0,0.0
"Sat, 06 Jun 2026 11:09:45 GMT",US military shot down Iranian drones launched toward Strait of Hormuz - North Platte Post,news.google.com,,Google News RSS,https://news.google.com/rss/articles/CBMiekFVX3lxTE82VEFCTzhaUWtFRTZVRDZvTVQzQkF4SWpfSWRxbm8zOXlGOXpWdUJYRGV6dURHVGtNcjBILWJaS0syc2JPQ0VZdjc4M0cxNGlPeGNIejJPa2otWl81RTJRUXZyS0hIYjlUYTA1Z0dhY2t0d0JsU3ItQzRB?oc=5,1.2000000000000002,0.0,1.2000000000000002
"Thu, 04 Jun 2026 19:30:00 GMT",Iran's Oil Exports Collapse to Six-Year Low as Blockade Tightens - Crude Oil Prices Today | OilPrice.com,news.google.com,,Google News RSS,https://news.google.com/rss/articles/CBMiuwFBVV95cUxQLXh5VkJnbDhGVkdmOXc3NjZNUzB6dEs2ZllmWkM0b0VmUk5JWXYzLUc0ZW5uSE8wdzM1QUJFdldOSjNrQzVUQkxFNFZBRS1RTFhyUktqcVhCQWFjcktXLTZYUHpXQUN6YlNBSjh6WTdLaERBUmJJYkJjakFXQnRveVM5ZlFlMFp1eFZIQUV3U3RSZkdXNEUycXhrYjQzOGV0LWdreTJYTl9mMnpaSXd2TW4yUVJqNElKcWln0gHAAUFVX3lxTE9tU21JYjcwaU9yTFp1VGRraTNFYW11ZEZTcXNId3BPZS1Ydlh1LW1rcm96YnRrTzlPVlc3ZG1fOU9kVDZ2WTJjVTVGS3JDR3V4OHNHbTRBdVNIZFpBX2hZcmNjZ19KN05MSEtpa2Y5cmo0bEM1dXZNb3RmVzdYOUVHaVVOWmx1aUREdUZtNldtRV9sWGdfeDhEQ29vMHJ2Q2hOOUN4YTVfSHk5OHpRVEZZVEtTSi12T19RMHZNYVFncg?oc=5,1.3,0.0,1.3
"Sat, 06 Jun 2026 12:16:06 GMT",Star City Vlog Day- 179 Strait Of Hormuz Oil Tankers (sFAT0fbo0Z) - Mshale,news.google.com,,Google News RSS,https://news.google.com/rss/articles/CBMiW0FVX3lxTE1nY3lqTGxocnpzOHJvZHF3WWhhajFnZzdDcVVmYUp3WTVSQzJxQkcydFh3MjZ6NXRlVURvMUo3aXhYdm5uc0l3RXFNbzBpZzNNRS1SbzdTNzRSRW8?oc=5,0.4,0.0,0.4
"Sat, 06 Jun 2026 15:45:46 GMT",Trump Plans To REOPEN Strait Of Hormuz In Nearly Final Iran Deal Blue Dot Fever Music Industry (yyD5Xmsa6V) - Mshale,news.google.com,,Google News RSS,https://news.google.com/rss/articles/CBMiW0FVX3lxTE1ZSEZ6OTdISnVmcDBoRE9EWFViV1hBdU1EeEZqU3hhcXJiNHhvbFVpSVVEc3g5aHRlZTVxcXhucTB3SFhVZURvNDNyZGNMR0FwcUlwOVlDeE1wWHM?oc=5,0.4,2.0,-1.6
"Sat, 06 Jun 2026 11:50:00 GMT",U.S. downs four Iranian drones over Strait of Hormuz - The New Voice of Ukraine,news.google.com,,Google News RSS,https://news.google.com/rss/articles/CBMipgFBVV95cUxQS21YNjg2aEVWTXJocklENmRMeGxoZEFDMmZBY1pvYlUtQjYxcUEzMnNVMHRSTWFKbGJ2RC1RR3lSelI1ZVIyV2VnV1NFbTVIZGp5TmFqRUdNTDh6X2VCdjFiQV90Z3JtWGdQV0I3MEJ5YnJDOVhaNzgtb0ZuWDRSUEpmMnhKOGduUUREdGtMME55N2V6NC0ya2djQkZTMmhtQkJqSmRn0gGiAUFVX3lxTFBRQ0hRT0tUQ3o5Q3o5Z2p4R2JDOWlQbDBtWlpST0wyQVUwb0dQSF8za1Z2M09WUmkyTjlzcHFNUzFFdG1BcnNvZ3A1VGQzcGw3bjNuNndESFVBYmt6NUd6dEphX212Y0xLdEFlOC10RkZvMXhMVlBQQUFfRlVGUmlZTEV1RHVZSFQwZUk2cmR6Y3psRjNxTGxmVFZaRjU3UjRmZw?oc=5,0.4,0.0,0.4
"Fri, 05 Jun 2026 20:36:25 GMT",How oil is finding its way around the Strait of Hormuz - NCPR: North Country Public Radio,news.google.com,,Google News RSS,https://news.google.com/rss/articles/CBMiuAFBVV95cUxORzh4NnQ0SWFPTUZzLVVEUUtQcFp5eUhEdDFSZTlmdmxVb0VhYlFmMWltZWhyTmpjTlBTSXdIeTVmZUFHVXY2MGRYVFZ5THNQY3lSTkQ4N2lrVTV1RHNpRExzckhGYU8wZEtIc0NJVDg0RlpxYURNNVI5WnU1OFIxb0NER2E0UTVJWTNsM3NSeWNxbkxlYVV5emxzYzdjcUttNGhWZmFkMmZOTVJta1haclZzZW90c0dw?oc=5,0.4,0.0,0.4
"Sat, 06 Jun 2026 04:17:44 GMT",IRGC says it stopped tanker leaving Hormuz after warning vessels - ایران اینترنشنال,news.google.com,,Google News RSS,https://news.google.com/rss/articles/CBMiUkFVX3lxTE9fTlZsV243dHBhb1JNZFdBX1A4R0xNQzc5LU5zdmNSOHVhWUhxc0xROW80TUN0Z01CSU5BOG1mOGJ2NXFBVF9Ra1phVXFSaHczbnc?oc=5,0.8,0.0,0.8
"Fri, 05 Jun 2026 05:00:00 GMT","2026 Iran war | Explained, United States, Israel, Strait of Hormuz, Map, & Conflict - Britannica",news.google.com,,Google News RSS,https://news.google.com/rss/articles/CBMiWkFVX3lxTE5nTzlhOGZTS180cWNtVG91c2VWRVJFYlk0cW5Ba1RHUEFOSEtldU15QktQT0EzRVY1ZVdZZ0VTRHVWTVhyN1IzeU1wbmlDMUhrQ3Roc1YxcmdMUQ?oc=5,1.2000000000000002,0.0,1.2000000000000002
"Fri, 05 Jun 2026 19:37:26 GMT","US Forces See Nearly 1,000 Hormuz Crossings Since Ceasefire - Bloomberg.com",news.google.com,,Google News RSS,https://news.google.com/rss/articles/CBMirwFBVV95cUxOTWJyNGJGd2NXbk9YOUxtc0pDZ0RiNldId1pXcjBpZldyYlBwMVNpLW45UlNqWXdJNDdRTWFCaklUTTVKTlRrZVFBOE1hNzVFV3lkTzA2eXdDckZZYzROMDhraEN2SzdPamdmRnhBclFKcWZXem5UMjlzVjBvcnZRNExld25rU21tbS1pNUtFTkRNWVpWOEwzTm5kZ241OS1RaUlhN0R6dzJuQUFscmRF?oc=5,0.0,1.3,-1.3
"Sat, 06 Jun 2026 04:40:00 GMT",U.S. Strikes Iran Radar Sites After Tehran Launches Drones at U.S. Vessels - Haaretz,news.google.com,,Google News RSS,https://news.google.com/rss/articles/CBMiiAJBVV95cUxQZ0V6eFNTcGZiRTVGS3NuZ3FkYnRSRm5hUGMxOEktZURzSE5nSWlqMHBIUjd5LThmN0RWU2hEcUxvci1aczlPQmNYVjRPbXZpbklVcFRYLS1VSFo3R09DbHhSOXdfTm4wWjdja1pZYTlWN2FkbW1oa1V1T3BNVGNLd29xdjI3dE9JcWZtVjkzb0s1Njh1R3lSbkozRWYtVWpCUndHTzA3cmo0N1RoU3FsUEEydlRtVFJFZGkzRzZLdmpVY1JvdmhTdUcyZVlfVm9scDkxSkg1aVk4LTdyRTl6OVJOR1JOQkVsQVdMZUJNaFVia2U4RkNrQmFNenhBV19qTFo3VEpBUzk?oc=5,0.0,0.0,0.0
"Sat, 06 Jun 2026 12:26:45 GMT",Live Coverage of the Iran–U.S.–Israel Conflict / June 06 - WANA News Agency,news.google.com,,Google News RSS,https://news.google.com/rss/articles/CBMifkFVX3lxTE02S0xNWS10WEF5MG5Pc2NpN28yLU45SEZzVHp2TW1wOUhkUk5tb1drd1RSSEdmWWVTc0VBcXhDeXFTcjBrc2hOMk5SRVM1eVVETTlhUERUaFZucTAzYjZJbjJ5bmJEZXRWbld6THlpWHN0b2NTcFN2NVlzV3U2UQ?oc=5,0.0,0.0,0.0
"Sat, 06 Jun 2026 12:58:45 GMT",U.S.-Iran Conflict Continues to Drive Oil Prices - stl.news,news.google.com,,Google News RSS,https://news.google.com/rss/articles/CBMieEFVX3lxTE1oYjYzQmk3VmpyRkpPSlMzNHdlZWwtQ01qT3BGX05ieHN3MFRiOWI2emtlN1Axd1o5WVdZNTFqUGpYYVpFaG1taE9pQlFNU0RTTWhoSi1uMHJXNjZqall5Vk5ZTTJXekhaSHJFUWZnVXMxRDJVcjhWWA?oc=5,0.0,0.0,0.0
"Sat, 06 Jun 2026 10:47:00 GMT",US forces intercept drones launched by Iran toward Strait of Hormuz: CENTCOM - Middle East Monitor,news.google.com,,Google News RSS,https://news.google.com/rss/articles/CBMiwAFBVV95cUxPWkJLaTYwVm1nOFprNFlBTy1zbGZCLXlKQWdHMTFOSzdTdlVkSlZnY2VtRTBVTFZOMERyS3FLWTVqTDAtUzNqVVp1eEZsNFpmYl8tYXZvSUtDdk9YV19aMW42OWJ6dXRCaVZLLVdCcUV6NEN1UnRscXR2V0lPQjFpVThyelVweDlNejNSMGdkZk1jcElwOWUyUTBRS2REX25MLWtZb1lBVE1tZWpBSktBaTBqRnV3RnNjQW9nRnBtT3nSAcABQVVfeXFMT1pCS2k2MFZtZzhaazRZQU8tc2xmQi15SkFnRzExTks3U3ZVZEpWZ2NlbUUwVUxWTjBEcktxS1k1akwwLVMzalVadXhGbDRaZmJfLWF2b0lLQ3ZPWFdfWjFuNjlienV0QmlWSy1XQnFFejRDdVJ0bHF0dldJT0IxaVU4cnpVcHg5TXozUjBnZGZNY3BJcDllMlEwUUtkRF9uTC1rWW9ZQVRNbWVqQUpLQWkwakZ1d0ZzY0FvZ0ZwbU95?oc=5,1.2000000000000002,0.0,1.2000000000000002
"Sat, 06 Jun 2026 05:02:27 GMT",Iran targets Bahrain and Kuwait after new US strikes - Al-Monitor,news.google.com,,Google News RSS,https://news.google.com/rss/articles/CBMingFBVV95cUxPd0Q0d0lFdlVBSlJsZ3J3SGY0ZGl2VFNRS1IzZ0w0dGJlVnVNZ3BzSzFpTnRYVkxrc2diWkdXTURqQW51OXNRVmI0M21zaFgwNFdSU1doMEh1azJvVms1VVZvTU14RDFTWFcxek83SG5sdzlBS3ZhUm4zb2tKR2VDTFcteU81Z2FaNU4wY2pYbEdGRGZSZjdNRW5XVUdVdw?oc=5,0.0,0.0,0.0
"Fri, 05 Jun 2026 23:53:00 GMT",Kuwait and Bahrain targeted by Iran after exchange of fire with US - The Guardian,news.google.com,,Google News RSS,https://news.google.com/rss/articles/CBMi1AFBVV95cUxPVDFkcC1raWpLMm1GTkRZU1VpcnlCWk4wVHAyRkpRdkFHZDc0T2Q0dTFFaE5TVFZYY2d4clFEYktYalo4RVA5LXBwQmFZM1UtdnY4dzRoQmlPWmpLNU44OHVkNWU4MmVmZmJpYTVteHktRnlwdVg4Y2tpQkVVRjh2OHZUSDdwMHNCdXcyWDBNa0VIelBQUHdsQWltblZHQ3V3WGhxN2JHQWNWbi1BeWxjNGxzeTl6bGk2elJBNVZVTXhUMnFiMzM1V0w5dlBfbFZpcWx0ag?oc=5,0.0,0.0,0.0
"Sat, 06 Jun 2026 09:48:26 GMT","China emerges strongest in Hormuz crisis, Russia's top oil executive says - Türkiye Today",news.google.com,,Google News RSS,https://news.google.com/rss/articles/CBMiuAFBVV95cUxNU09xOGUxb1JtaXYySlVVRW9Pa0hIbFJCMmJXdWxtblFkMlgwdkd4T1diTHN4ZnF1ZDBRYWtvWDlfV082dkt1M1lkWllNTllwMGhiTXU3M2t3ek4zM1VDWVlyUWgyOFozMWRRa3F5TGZYaUdLTmlaMHpzNTAzY3NOU2xMTjRzUXFlajBuWFlLSVk1eThfSGk4T3pPQXJhdkhlNGZVYkJYSWtnQzZTNFVCd3ZvYV9HTVE4?oc=5,0.0,0.0,0.0
"Sat, 06 Jun 2026 10:40:45 GMT","Iran oil shock, weak monsoon raises stagflation risk for India, warns Nuvama - The Indian EYE",news.google.com,,Google News RSS,https://news.google.com/rss/articles/CBMisAFBVV95cUxQU0tKcnJGdmozN1pxVU9hZUpibGkxTm1ncmVTRU5qWXVvTThvbEdJcFlvN01PMm94M1BQQ1gzazVkUHdhOWZiLUFEckpjeVkySEt2RDFCUmJLZTRjUFF0N2wtUGYweTR6UVJlN29uNFVzenFPODZJMWNUTzNpUHpkaVhtbjJUbHVTRzRHOE1TZG1DeFlEZjk4endCT3RrQnMydHRxN1hkTHlOcVJhYzVGTQ?oc=5,0.8,0.0,0.8
"Sat, 06 Jun 2026 13:03:35 GMT","U.S. and Iran Exchange Fresh Strikes Overnight as Peace Deal Stalls — Hormuz Remains Closed, Oil Above $90 - Binance",news.google.com,,Google News RSS,https://news.google.com/rss/articles/CBMiZEFVX3lxTFBXV1JuNFU3Wl85ajNXUURFLTZlWl9lQmVPdjBXVUpnY25sMXVLckY4eDRzMTVlSjgta2hYUDNvTTcxRzZ3bUt4bWxGODFRTDhKdzcyQ3huTXFaZGg0cmY4dDZvTU0?oc=5,1.2,1.9,-0.7
"Sat, 06 Jun 2026 08:53:33 GMT",Strait of Hormuz blockade benefits US energy companies: Russia's Rosneft chief - Deccan Herald,news.google.com,,Google News RSS,https://news.google.com/rss/articles/CBMiywFBVV95cUxNR3FEcWxhSHhTQ0Y1bnhvOG8tc2xZR2hoZm5KaEE3c2dUUTNKVVktQkprMW9fWlBEN28wYXNPaWZhYzJRYkVLSjJ1TEMwWUxxX1Yyem04UTZBVVBvZFI5MDNYT19IWmVETHU0T2g5bnJlRzEtYW5ENmZfQ3QzSGl3WlBOMHR5T1FkOGRwdWFKbmZmQzkya0wwTjFSUERfTS1HVGkyN2liUFJvOGV6U2p4bm5pZ3ZQU2JPUlE3Xzg2ekNCS3NILUp2SEhvRQ?oc=5,1.7000000000000002,0.0,1.7000000000000002
"Sat, 06 Jun 2026 01:31:54 GMT",US and Iran trade fire in Strait of Hormuz - Australian Broadcasting Corporation,news.google.com,,Google News RSS,https://news.google.com/rss/articles/CBMimAFBVV95cUxNdV9UQkFYR0QxQ29QclVtaXBndzRmNm9PM0RxS0ZOXzhfRHhwM00yR3JjRC13TFFmUHBCTW92MnFSRkhTcmhheTVUb3NSN1lfelNMb3lmNmEwRTlPQUFtSHYwcE5rMDBpdlZFZEd1RnpaSl9naHRlVzMzRE82NEpxY1MtLVZPbkJHMWhfQm9raUNrbEkwa3U5SA?oc=5,0.4,0.0,0.4
"Fri, 05 Jun 2026 22:33:47 GMT",US Strikes Iranian Radar Sites As Tehran Launches Drones Near Hormuz - NDTV,news.google.com,,Google News RSS,https://news.google.com/rss/articles/CBMiuwFBVV95cUxPZ3NFdmZvMG9hRGFvb0NWYWdXOUZVc28xcUhmWGxXNU4zY3hhdExPaGVoSEJvWUJCS2QxQ1JiZk1aVjFWdFBLVEgzbXVwMzBKM1ZWczNxMjNUWTlzRFJEa3JaemNWMG9SU3FxQWIycE8xX2lxOUhTSlY5NWUtU0lhWDhmYTg1NjJnYmRDZ2VIODI1cFV3WUlaWWdaVHVBOGNjWXVNWFFJSmVkS3pnMW5UTURIRTI1Y0JIUVBz0gHDAUFVX3lxTE9LcWFNVk81WHFjQ2Z2TkJXYTZCZlZnZEdCOUJpbUx6LTF2aXQzSXB3LTBIME12VnNRNXhWUS1JZ1ktNUY0cFA2dlEzMHFxbE52V2pPRmRsdkhHeWx2TlZTaEtZMmNIRTV4amtsOXJSbEJMaUxYeUFKUUhNd3FtR2VRdmNUTlRYTGhZeGdVRGs0UXhiNzdwTkNzOWE3SWwtS0Y2eDl0V1I0U3NLeVZSLVZQSm8xQ1FZLTdGUXhQYnEzdk5xMA?oc=5,0.0,0.0,0.0
"Fri, 05 Jun 2026 17:24:00 GMT",How the US secretly guides ships through the Strait of Hormuz - The Telegraph,news.google.com,,Google News RSS,https://news.google.com/rss/articles/CBMiqgFBVV95cUxPOWg0Q3pnb3diUGVFS0dUSWVZanJyOVpwLWFBbWtFRHE4TVFPS1I0WjB0UWJYTzNEOC1pLW1VODhQcjRHc3BwdnBDNVFpemVCemFQZ2JzV29XT1NzanZ3ckUyRllKN0xuakxXeld3QXEtSU1tV2k5Rjl6bG4xVkt5VG4zS0dNQnNDZHBjMkNwUnJqT0JnSTJ5bXl0eENzSzNQNV9KSUdXV3gtQQ?oc=5,0.4,0.0,0.4
"Sat, 06 Jun 2026 09:49:00 GMT",The shadow fleet: How Iran keeps its oil flowing despite sanctions and war - The Times of India,news.google.com,,Google News RSS,https://news.google.com/rss/articles/CBMi7gFBVV95cUxQMjVpUDkxd25XZEhaX0c4UlEydjByNUN5b0xxZjhBUEpUczNib3dDaVd4bW1JX3VuaWxMS01HV2QyTlhmV3FGX3d3RW1ENGhGOHdCRXJ6cmFrLXZyaWI2NkxEYVctOHBaRFVERmRCNnhWZmhMdDF6c3hNREtvREt0XzBnajUxS0hZMGdZOXhEbWlXNjczcXhQeWd2YXdUdmZ0ejhtcER4Y1ROZWluSW1JZlNtTVJHdjBnWGZubDBGbnpOTGhXT054VjZaTUNrVGNabmVDOVVRRTJCVU40UU9Mbjhmd2hrWkl4cWdDeXFB0gHzAUFVX3lxTFBaOWdlaTFCZ3E1MG1CS0QyQzVjTEFtTDhLVHQyc21wX3kwcWd3alQ1RUdhZXFNa2xMV1U3WjAxMDhidG9OY05BbUVvcDFhc3Z6OUdQclZ4cXRSRmVGTER6VjM1U3NoRlgzM0Q2dko3dWlubFZCaS1fME9kaS1tWmYtZVZVUkFLUE5aX1NTVnlyMVVsd1B2bHNudVhsOXltWHBIZ0tzSUJCRV8xel9TbERZWFpUdFNWTjBqNkJXUnZ2TENqdzVzcklKRlQtZzdQVEFDTTNDYndvLW1ldVpkVmdYTFBNZEhuTnJGYkFheEdzaEs0VQ?oc=5,1.5,0.0,1.5
"Sat, 06 Jun 2026 11:21:00 GMT",‘Gained non-competitive advantages’: Rosneft chief says US energy companies were biggest winners from Hor - The Times of India,news.google.com,,Google News RSS,https://news.google.com/rss/articles/CBMitAJBVV95cUxQcTFNZzBqTG9BSEk3ZllXU3JzVTZPaFRTRTlKMW9ER1ozYmhIUllFWlhxR2JkMmN2bTNfWnFVSnVXeUJzTjN0SUlwQkw0UGVGQm9wbUFMZ0lid19HWGdMcGs3WTh4dHVTU0gtMmVpZ2pGNGpINnpaaUFQRGFkVzJSTGJvcDRZSTVlZEh2b0FnYnB4S2FqVFZyYWNxRkxBVXN6T2NKUlE2Sl9XRFhfWk1nU0htcHhFU1E0X2JqVEtyejg0WTc4R0xBUEZGVEtFUjMxMlRfUHBtWXlsdWdZbndOUzQ3a0N4X3Y3dnE2bUFYX2VLamV2VUdjX3N6OHJkbmRoT3hlTEVzSkxzOHRhQTFQSXJqRkVRUVZFeWdfQkFtd00wYjR5RnBLblhGRk82allBeXVzX9IBugJBVV95cUxOLUw3TWd0SWh0SzV0VVBSU0xBNmdvSHdER2NDODBRdkd5YWhnOXFJS1p5TWREajMxdVM2aE9PYy1HU1k4bWNBQy1LSHZZY2VwLXVVMFBxNmFLMmQ0R3NZUktfZFR5emZKRkxSbnM2QXFER2NvM2U0bUhIR0tCcGJWTXkxdG96S2pVbFZkMHRWU0hQb0o2RHNZbkhKMVVSNjVESWtreHhKbENGcGxIQzRyRWZjNkpsREFQelQwd2hpbHVxVktMLU9ZU3p3VTU4ZUY4LXNNekFzUEtHUGRhY05KSHFjbk1hZ2R0aWtDMnR4al95X2ExSmd6NEU2R0dKU1FWUTdIdzNPZGZoM0VrWGtVN2dnYzRxd3hvNW91bDN4bW9zVVRXZEpWQXIyWkVzeEs4Xy0wV3ZYbjlmZw?oc=5,0.0,0.0,0.0
"Sat, 06 Jun 2026 03:33:47 GMT",Iran threatens full Strait of Hormuz shutdown after missile attacks on US bases - Crypto Briefing,news.google.com,,Google News RSS,https://news.google.com/rss/articles/CBMiqwFBVV95cUxPRF9icFk0VUhRNWViYlEyb0pydGI1M0xTRmwwSzlrOFlwV1pXc2hFVHdRS2o4ZmtuRHVYUnpJaHdVM1Y2b2hVN1REdlRzMXNlZFpISzUtMG9QdzlVNkJYT0VoXzJmZEtBQnEzdGRmVFdaX1k3N1hIWnpTMW13c0NrLUFuRE5oQk81T3VSMC1BQkJua1dZUmdwYnQtcHYybG9udU95Z2h2V3JKSHc?oc=5,3.4,0.0,3.4
"Thu, 04 Jun 2026 07:36:47 GMT","Israel, Lebanon agree to implement ceasefire, boosting hopes for Iran deal - Reuters",news.google.com,,Google News RSS,https://news.google.com/rss/articles/CBMisAFBVV95cUxOa0pCM2JwVC1jclluOW5wcnktSUJHZ2ZLUUxwMnY5c3F6VWhuSVFLQ29mbmc0cHdhSWkyTzNyVzJvWnBxNjlVWnhqQ0FOUUpiY2YtTld2b3hWWmpYTzJueElSOUVmeTBweDFYWUwxcnZhdVlzYTNvZXp2SXJNcnNhdGh6TElzTWtzUDlvNlBQS3pQREk4a0cwb1NXa1YzWG5jb3lOaC1jZDNRT2JZQkNxbA?oc=5,0.0,2.2,-2.2
"Wed, 03 Jun 2026 21:33:31 GMT",WATCH: Johnson says Trump wants U.S. allies to help reopen Strait of Hormuz - PBS,news.google.com,,Google News RSS,https://news.google.com/rss/articles/CBMisAFBVV95cUxQY0xYd1gyNlE0QjRkMkNLS1dtNzNCcXJQVlFUUWw2WmVPZmREeGlId2MyeEJuRVFFT19oeENoZXhybEZTUTZ1UnZqczB6ZFQzR3hOb0w5ZDltWXRhcnhlTEFjaXpJNVVKS2hWaHlqX0lKLUJ3MkhZbTh3ckN4NmxHdk54emUwN094NUhiUDg1V1k2dWVLQ0JWYk5zOV9IVXlGaXFLLWZybHVtbDdkdzF6S9IBtgFBVV95cUxNdmZuVDhDRXFHcFdhZFFtR2ZpQno0QlBlMnFGRGhKZUZpcXF5TkZCSGxmbGcwUXAxRHJfalVKYjJTYlpqSVZNd3VaajVpZm1DSG1Zck1XSFpDWGdaNGpSdDlGWmtTdTFKcWVrQndHU0czM2xJNF9zVXY4bU44ZDdRTlBJRTlZOGJiMlpjYUp0R2JSSmlhUnA5NTJGUnZaOThfR0ktVmRnWko4ODltUDg1dmFxRkdYUQ?oc=5,0.4,1.1,-0.7000000000000001
"Thu, 04 Jun 2026 17:27:00 GMT",Nearly 900 outbound tankers went ‘dark’ to squeeze through Strait of Hormuz: analysts - New York Post,news.google.com,,Google News RSS,https://news.google.com/rss/articles/CBMitwFBVV95cUxOdmZqbUhIQ1ctczBQUmk1Zkw4SWpmSkh2eGRYTzJwTklaMUU4RTBjVEdaQm1KQlFWOVMzUEhTZUY0NHVFRUZFbE9wZ0tFSWMzdGFLUFRfeW1XTkhoQWppbU1rcWpqamE5RmFyTDBLUmRHeWFFMmcxdS05ekRZbTFSQVN4aF9VV0ZrQmNzRkdKNW1vZTM2UG5RTjZ6V0hOcGJkYzNiWFNpY2dFZm9xWEx1Y2FzNzVpQzQ?oc=5,0.4,0.0,0.4
"Sat, 06 Jun 2026 10:52:30 GMT",Russia's Sechin says US companies benefit from Strait of Hormuz closure - MSN,news.google.com,,Google News RSS,https://news.google.com/rss/articles/CBMiwAFBVV95cUxQUFQ3N0tMdjFrclVFU3Z6TTdxXzBfaWhKcXhDYTRsSmhEVXZEOHM0Snh0QVd1N0N4OU1oOGdmUExLWUNOQjhiTlA4VXo0TWhXZmoxVS1wZVRDTjVhbG1UUkY5dTJNd0NfZjJ3WUNGeDRpZi1xbTIxQWZUdzFJeG4xdjByOWJ2Vm55QzI1RGd3OXZsVy05UDVZdmFqaUVaN091R1VRYWVjMHlHWDZvMTFvQTR0SHJ5c2lHWHI1X1ZMWkk?oc=5,1.6,0.0,1.6
"Fri, 05 Jun 2026 17:58:48 GMT",ICYMI: Bloomberg Features UANI Analysis Showing Iran Failed to Export Any Crude Oil in May - United Against Nuclear Iran | UANI,news.google.com,,Google News RSS,https://news.google.com/rss/articles/CBMi1AFBVV95cUxQenhON3FvTWJjd0pFcWItOEpmOXFiaGM2SWhrOGhBLXgzZlRnMDgwdWZIeEFKU2sxZlVBOGxYblBicHMxNGlVNWo4T1R0SExha2oxSzlSS0Q0UWhENDJBcGpPc2FFczUxVnM3THZ2UmJUeEI2VEdiTk53YTVhYXRqOTR4LUppZmZmV2plSFJySTJyZTE3VHJzY3BDT3prNXJ1aGhvWmdhX1RzNW12T2FLeHR5dXgwYkhuWkQwalZxWmJmRjVoSFV0UVVuMi14VFNqWjB0Rw?oc=5,0.0,0.0,0.0
"Fri, 05 Jun 2026 21:51:36 GMT","Iran Update Evening Special Report, June 5, 2026 - Critical Threats",news.google.com,,Google News RSS,https://news.google.com/rss/articles/CBMikAFBVV95cUxNUVNaWWZKTE8xbDE3SnhNWWYtTnNuR3Ywb3VodzgzOGdNTXpVb1dGTklIb2ptaE1pc3Yya2NlNldFVXNrQ2NPbzlDamFUd0ZoQkQ3d2tpUkxPOF94TVBZR3QxbzJTMU9pZFhLcjJFemFpWE5oWUNtWWV5YXlIRnV1RmlhTERUVVZtd3NmVjhvb1c?oc=5,0.0,0.0,0.0
"Sat, 06 Jun 2026 01:39:00 GMT","Explosions heard in Iran's Sirik, near Hormuz Strait: media - Global Times",news.google.com,,Google News RSS,https://news.google.com/rss/articles/CBMiYkFVX3lxTFB1WFRyTUhET0xzUkRfX3VNNkVURFFVWW54T3NmbUpkMXpZSktVM1BxTFhPNWU0V0dNQXJBTXNiTzFuajl3V0pDNlVQZjBVVFNXTDkxZGJRcDZ3bFNXZERFNzlR?oc=5,0.4,0.0,0.4
"Fri, 05 Jun 2026 23:03:23 GMT",US military shot down Iranian drones launched toward Strait of Hormuz - The Winchester Star,news.google.com,,Google News RSS,https://news.google.com/rss/articles/CBMiigJBVV95cUxPSDN3ZUl2d3BpXzNldS1wYVkzWEc3cjJLZWY3WGJiR2F2UmxFcHRNUFl3bFVuZHk4SlF0SUhqdVliMzdCNGw2bTh6U242cWxybXNRcWRFTFJNX01Vd21iVkM5WWhXRU1IWU1KbXliWllYQkpteGoxcjBPMTVpZDdUMXpjbV9peFgxa1VIRFR3cUMxMDNtZGZtcXFrY05CRDFiN2lsMTBOQVlhRVNvZ3cxUWhpNkRMYlJMNWhCNmEyM1RtTlpsS0dOVlV0anVqRDNDX1lib1d0ZFhvTlMwX2VrQ21pNEh4SFRRU0JYeHE4ZHRubUg5c2ZNbmNYMU5FOGctVzJuazFrZmdZQQ?oc=5,1.2000000000000002,0.0,1.2000000000000002
"Fri, 05 Jun 2026 23:50:28 GMT",U.S. military says it shot down Iranian drones launched toward Strait of Hormuz - Inquirer.com,news.google.com,,Google News RSS,https://news.google.com/rss/articles/CBMirgFBVV95cUxNU2V4VkNLMEdSTVNOdUIyYkVlMXI3MzJ5aWpsdUFEd2xlbGZ2amVHVkcxUXh5UWpMYVFmdU5hbmtvTlJFanBwLTNGbGNSamZyNzVJZWU0X0xXNkwzMGEyUmtiQld1eThjTTQ5VTRxVDZjR2VvaDBxd1BLblNVLTN2d1FjRGFDSi13MEhJRGRFdC1KTDNqeGF4Z0xTcWd3djE1QzFiTERkX1BQd01VZmc?oc=5,1.2000000000000002,0.0,1.2000000000000002
"Sat, 06 Jun 2026 13:08:57 GMT",US Drilling Rigs Rise in Longest Streak Since 2022 on Hormuz Price Bump - Energy News Beat,news.google.com,,Google News RSS,https://news.google.com/rss/articles/CBMirAFBVV95cUxNZWQ5cXdJVEMySkluVEEtVG1LeFMtZURGeU41SjJlOTA1SVE0cW9IQUE4MGhBQ2tZVTd6S2xBZVZmSmVWbVNGWmQ2dnJUZ0JwN1JjYWxlMS1HZHdTOHU3czVVS1FKWTdsT1hQaFloamwzUmpjb3FaQ3MyZ1pGcjRIWFcwMVJkRGtCM3Q2UzR1eExRV3Vod3dkUU0zamlfUllYV3JKQVIwS2lpMjBB?oc=5,0.0,0.0,0.0
"Fri, 05 Jun 2026 23:59:00 GMT",Centcom says US shot down four Iranian drones near Strait of Hormuz - Middle East Eye,news.google.com,,Google News RSS,https://news.google.com/rss/articles/CBMivgFBVV95cUxQaXlwdnB2M0hpcHAtb2JsbjNia1dncWJ5by1fanE2d1JRYVpBWFl3eDIzLW5HaTN0bHplWllTUVQ0SllNOGM4eEl5VmNVdUhGNjVUREY3Yy1JVEx3bUVybmJOMjYzSUo3NmtnZTFGQnFqNXZIdmh4UjQ4SnQyWGR6ekhhT2JpdW5wdlFOU3lWOXh1NDFzbGJncnA1MmxQTzBTYkN4SlFJWVc5bUZzeVk3NHFsVVZtQlFqNEFreUpB?oc=5,0.4,0.0,0.4
"Fri, 05 Jun 2026 23:41:00 GMT","US downs Iranian ballistic missiles and drones headed toward Kuwait, Bahrain, and Strait of Hormuz - Washington Examiner",news.google.com,,Google News RSS,https://news.google.com/rss/articles/CBMimwFBVV95cUxPSUJQQ3Atc24tQ1UzUEtpYVk4YnYtMHNiMm9sM2dNb3c4cVVMcHJETXEtTEhNdnhVYVJxUDJ2OXRiLTU5S1FFNnNOeUctNDloTDFPSHpabVpWY08zelpHMkdKME1CTjgyZVYyUXZ2dEQ4Ym1zMnJXQkY3cmJFY3VrWlE1ZEFMajN2SzNJMGxNbmFiTXNuemo1djRvNA?oc=5,2.2,0.0,2.2
"Fri, 05 Jun 2026 18:45:00 GMT","Iran war impact on oil supply and inventories will show in July, says S&P Global's Dan Yergin - CNBC",news.google.com,,Google News RSS,https://news.google.com/rss/articles/CBMizgFBVV95cUxQYmtBZmozZG90OWRMc3d6SmJPZWZ3bDVyWkZkVEZGZ0ROY0ZHSlA0MXZKeWx6LVpOTWwwMU93dDhXSkE3ay1RejkyNkp2NkJiM2NMRVFaUnRHQ2RWcl9ObW5Pa3JGYWdpQ0c1QTd2VGdkMmxfR2NxMi04MW9td2RJTlIwb2tLMk45N09DamhQd2c3ckhhcjdSWk9JdjU2R2oxdmhtOWY4amREbkNGN3ZlUTRNdEhBdXRzRGtGR0ZlQUhQN2d6aklUamE4emVtQQ?oc=5,0.8,0.0,0.8
"Sat, 06 Jun 2026 16:54:15 GMT",US energy companies are biggest beneficiaries of Hormuz closure: Russian oil firm Rosneft - Telegraph India,news.google.com,,Google News RSS,https://news.google.com/rss/articles/CBMi0wFBVV95cUxOZWJwZlBWVG5zM1dqT0I5akVvMjRDenJlalVTNG1ielFnVHl3VkYzRk85bjkxS2tjdUVIZ3BqaDc2d2FKTDBmeGFydUs0cndGUzV1VlFvWmFSVVB2WTBqX2xvRHU3LUxKMnBMS3hZLXJfLXFLTGgtcDgyN1k3Uk1LTnV0VUQ1ZzlvMGhRZGFRQ05xUXhuWmNOSGRkZnB2MnNjeTN0ZnlmVUp3UUpLMnZlUTBTRi0xNGx4cVoyRVlFWjIwME94ZVBfU0UwdUVvdW9ZUXR30gHYAUFVX3lxTFBRLXZ1d1AzM3YybWt2c0o5alZRdDBwdE8xRGhXeERkaGVLZUNqOWtEV1M4SS16UDZ1MEZ4VC1UNUFoVnlSUEMwRjhoTFVhTzUwa0c0N1EzUlVtS2l1aHppNmQzUEVzNkRnaGxGelhLdWhoYVBRMzV1WXRxdktqMThZRUk5WXd0Rms4ci1qdFBVb1FQdC1XRzBpdkJiZjFqT2pVaVFVbUx5M1Z2ZjN3dXhRU1JuZGNsemh2V2dTVWkyZVIyN2lkYW9xc0lSNU5CdVV2ZEFyTzJkaA?oc=5,1.2,0.0,1.2
"Fri, 05 Jun 2026 23:43:00 GMT",US Says Forces Shot Down 4 Iranian Drones Launched for Strait of Hormuz - Newsweek,news.google.com,,Google News RSS,https://news.google.com/rss/articles/CBMiqAFBVV95cUxQNFUteFNkY3Zxc3I5UENObnZISHQ5dVNWUlNJNG1BVElBZkZXdkRNWWxObGhPSkw2R3loX0NQbnNXR3A4bU43LUUyeTR6VlIyV1ZhSHNWalBobTFpMDBwNUNYQ1JtMUpDMzdENHJSdVBNdkxNdnVYZEJ3azFOTVV3NXVTMFVXNzRUdEN0RkpveGdMcFdqdkxBYk03R0pEVzI2aHRPbkljUy0?oc=5,0.4,0.0,0.4
"Sat, 06 Jun 2026 01:54:18 GMT",Iran’s Strait of Hormuz 'service fees' risk setting dangerous global precedent - MSN,news.google.com,,Google News RSS,https://news.google.com/rss/articles/CBMi0gFBVV95cUxObTJubURXQ0dpTEg1YWg0V1hocHF4RS1aRHBiRUF4ektIM2ZwTTcxUTlFYXBwMEs1SWptdlE1NEtJejRXU0JMOUp6cEdiVzRwQmxqc3JyZHFJNXJtSWxnM25RWGw2UktqdFo3Ql9JWTZXeTBMSkRLYmcwT2U4Z0d5NlBFVkNtV203bkNrc2RiTWJFNHFlT253S1FFUUd5QVZiU2I3aTRnR2hrd0EzdG9UVmQ1ZEVkQTR5SW05OUMtR0x2UjhUZ3NLT2lxRDQzRVZBQmc?oc=5,0.4,0.0,0.4
"Sat, 06 Jun 2026 02:06:00 GMT",U.S. attacks Iranian coastal sites after Iran launches drones in latest flare-up - The Japan Times,news.google.com,,Google News RSS,https://news.google.com/rss/articles/CBMidkFVX3lxTE45LU9NUE9DUFJRUDZfdi1pSHRwODhrcmdhd0RBN1FxSktmVWgxaHh0RDFYcUhqMUtDb19Jb0FkUXVKZGFEMXlqalE2aXc4TE5xZEdvWUdyZzBkZnFzSlJFc3JKMTRPcWlTNXlOdlFGam1xRXM1Ync?oc=5,2.0,0.0,2.0
"Sat, 06 Jun 2026 02:14:15 GMT","Iran, US forces exchange strikes over Strait of Hormuz, Gulf states - news.cgtn.com",news.google.com,,Google News RSS,https://news.google.com/rss/articles/CBMibkFVX3lxTE1EWk94ZU4xdEN2blFjU3lIYVp5T1JMek1uQ3JzR2RLaG02QVYzaUxsekhPamFsMUM0ZW02SjBDaXpaeVdfWk1tcGE1QjVkTkRQdXNBQk51cTM0cFN0TjZYTk00VjBHbHVxalIxcFZR?oc=5,0.4,0.0,0.4
"Sat, 06 Jun 2026 00:19:53 GMT",Iran warns US warships as oil chokepoint tensions rise - MSN,news.google.com,,Google News RSS,https://news.google.com/rss/articles/CBMi8wFBVV95cUxNUW1lVGpkanNyNWVYTUFjWGc4Z2FqelhSRTBlU1VXR1hiaUlWWVViaWdJZlBLUWlDS3Zxc1BqRXN1eUtBRzlzMWRlNlJQTXlFVXNzQXJaOUg2eGRwdGVBTHNsSElxZVdsV0dyTldMVVZwMGRpUDNYNGdKX2p1YUN6RmpnX3pXX0ZQMG1lSmNLVXIwbVkxZW1ja0pPVlBmREwtOUZkSGZUQjRiYVFqbFl0eWpxS3pkMEw2d0g4NDNCTks0ZVgyVlQ1WUhUZFJPZ2NlSkFweGVtb0FreE5ubGkwSjF1ZkFhOFQwUHYtMDFNSTFWVU0?oc=5,0.8,0.0,0.8
"Fri, 05 Jun 2026 15:35:17 GMT",Iran’s Strait of Hormuz ‘service fees’ risk setting dangerous global precedent - CNN,news.google.com,,Google News RSS,https://news.google.com/rss/articles/CBMi3gFBVV95cUxOdEhlQnV3ZHZtTVkwMTk2R25WZXJNbmZrN3M1WDhDZmxfUlZmTkxKT2Ruekl6UUZqX3Y0QzFiQTN6UnE2R2VLYzROeTJwS1J0OUlVaGNLdEppeHJ2VVgxdlFiZ25Pdk9WTi1RVDUwMEVMVkx0Y01ITGp5SmNLZDV4SDZXVzBzV3ZQenRSYTVwRW43c2hjUGFPVzlhbXlDOHE2dDJudEJoeFpydnZ2blVTZlZxLXBqbXNKeGl3UGdrRGdHQVJTYjcyRzI0WmJqcmgxN215MS1Pdl9NQXphd3c?oc=5,0.4,0.0,0.4
"Sat, 06 Jun 2026 15:31:22 GMT","‘Iran is strong, proud’: Trump says Tehran will eventually ‘have no choice’ - The Indian Express",news.google.com,,Google News RSS,https://news.google.com/rss/articles/CBMizAFBVV95cUxPYVlLUkZJVlNYbXQtaVBHcHo4RWF0bll2Smk5bTJwVVhEanFZb3hwN3F1d0pCank2T29MWTA0MFpKV3lDdTNQM1NqYlNBX0l5dnprWVFfQlVLMG15N29jN05ERkNBTExrTUctSF9wcUFYRjFrSHhSR3ZlSW8tbEZnV09fY1M0NlZyc1Y1dkpMZFRUeWpxMEZZV1FfT3hhLVhIUmNWSmZVQmctQk9rM2owNDFJVlNfWE9pVkZrNHBPdVN1d3NLc0EzN0RIZFnSAdMBQVVfeXFMTTlCSHhrTGdkU29RZkNxNUZLR2JtZ012YTM3NG5NUXVUUnVMYWM4SzZNODRZR3FnMmhnNHFoWm5IejBSc2hibk9sTVU2dTVSQ2Ita1p4UzFqaWw0SS1HZ3RMdEV6SjQ0bExjbEJjZFZRSS1YQnl2Yjc0QlEzT1ZzTDRzRS1Yb01rQXk4cDNNdTZUdm5QMmpNRVpkMUNLT3RGdFQ5TVBpMmE5Nml1SzVGZUhWR3E5RGZDZU9DMjNJR190bWtnZWJVVE9CcWl6SGVLMTVTYw?oc=5,0.0,0.0,0.0
"Fri, 05 Jun 2026 19:13:28 GMT",Oil supply disruptions in the Strait Hormuz are forcing a rethink of energy security - Baton Rouge Business Report,news.google.com,,Google News RSS,https://news.google.com/rss/articles/CBMiwAFBVV95cUxOc2ZHeTl2Y2Z5Ml8wZEF3YlBXMHFjWFBWUTBjLV9BemswZ0xRSTVDS1BxelhjU1RuS0x1Y1J0Ql8zbWhzVGVrZ3Vra0tENjNEYkFLWUNiSWdONXRmbzh4WkR1ckJwMmNKTDlHU2p3aGpsUU9SU2tRakVWUEc5RjdISFhBZkFCcmp0VWV1VURIS1N4NGM2U0pDUHRlZkNwU2lSTXdRV3MxQWVoeHB1azEzNEtzZ1hNLVRtaTczbzM0WjfSAcgBQVVfeXFMT1pKekxFVDhJUjRkZ21SXzVLUkFpX25pck1LMk9FZFptWE5CWF82dGFFYzU2Snpnd3hheDJxOHhaTEo5bkIzSm91cEQzcFdzQUJSSVoxMlJEdUZ0SGhtMTNFeS0wODI1S0lhOHhwSUdrZVhuQkphOW5jY21IUThncGMzeVpIWmpWckdBTUZaek1nNnNHa29SRHlkRXhFVUFmaXJZemFvc1hTR1JNVU5yd3REQV8tUWtsdWZKWVZsSUFzZWtnRWNEeV8?oc=5,1.4,0.0,1.4
"Sat, 06 Jun 2026 08:42:00 GMT",Russia’s Sechin says U.S. companies benefit from the closure of the Strait of Hormuz By Reuters - Investing.com,news.google.com,,Google News RSS,https://news.google.com/rss/articles/CBMi3gFBVV95cUxQaVV1NVE2Y1FGSEFKVVk3azJ6SG1ZUGtxTnlGM2poSEdGZDFTUDBxQldPSU9CYVhJeWo1ZEd1MEhfNEJJallBOTlFUXNsT2taejA0VlIySUVjTFBrNHYwSm9DY2huTEc4RlA5dWdkVE1obFpOQkkzdms0THBnR0VKRjBnRGVhTjgzUHVmQXM2dTBxeEJyQ0M1MnhabTY2NVpGdXQyNkhRX2dabXc3dU1YNGdkNW1MLU1ZXzVIZEpWMURpYzE2Uy0xSFdqSDl0Y2ZWSTh6QUYyZjh3RXR3ZlE?oc=5,1.6,0.0,1.6
"Sat, 06 Jun 2026 08:50:00 GMT",Rosneft CEO Igor Sechin Says U.S. Energy Companies Gain from Strait of Hormuz Blockade - News and Statistics - IndexBox,news.google.com,,Google News RSS,https://news.google.com/rss/articles/CBMinwFBVV95cUxPNFY4NUtjeGtodGlwdENoSkJieklCRjE2UWFLLXd5Y282d1YyNVJVTUVxR010dTFtZjRveHlUQ2VUTUtsZmZqa0wtTlZ6YlZGSlc3Y2Z6QnBId1NFZnZ5NW54QnVCeFlLNmQ2Y0Q1M1VyOW5SZTc0ekFqYnBsVG1NUmctS2ctdUV3bVhvMHl1M0ZUM2JRMUFMRHM2MTVXVTQ?oc=5,1.7000000000000002,0.0,1.7000000000000002
"Sat, 06 Jun 2026 00:07:37 GMT",US strikes Iranian radar sites near Strait of Hormuz - The New Arab,news.google.com,,Google News RSS,https://news.google.com/rss/articles/CBMiigFBVV95cUxOV19FLThRSnp4U2I1TjhMaEFFaWF0dDJOZUQwR1YwQ21PLVlnZllpd01xUGxQX3hyMEpyT2hQclFYT3JfbVZfdS00LXhLNGlZQ1pQV2VFVUFWUnZPenVVOF9OSHYtZFZzQk85QWtzRTMyN05YazlkVWdLTnlUUUs2VmYxaXVQaVl5cXfSAYoBQVVfeXFMTldfRS04UUp6eFNiNU44TGhBRWlhdHQyTmVEMEdWMENtTy1ZZ2ZZaXdNcVBsUF94cjBKck9oUHJRWE9yX21WX3UtNC14SzRpWUNaUFdlRVVBVlJ2T3p1VThfTkh2LWRWc0JPOUFrc0UzMjdOWGs5ZFVnS055VFFLNlZmMWl1UGlZeXF3?oc=5,0.4,0.0,0.4
"Fri, 05 Jun 2026 17:09:03 GMT",Mercuria Lawyers Say Government Deals Got Oil Through Hormuz - gCaptain,news.google.com,,Google News RSS,https://news.google.com/rss/articles/CBMiigFBVV95cUxQSnVqVDVPZWQxRkYybVc0dm9KWTVPVElyU0xSV1RDQ0t2aExob1lJUlJXb2lxYXN2OU9zOW93a0NKUURNZjRrQW5EVVJHU053Q3JueTJJU1hrVkpHYXpZcWZuN2pXdTg4ai1lbkxrMFlqdGhaSzlMYW1aN0NoSnlySy1Cdmw5ZG9HMHc?oc=5,0.0,0.9,-0.9
"Sat, 06 Jun 2026 00:24:00 GMT",US attacks Iranian coastal sites after Iran launches drones in latest flare-up - Ynetnews,news.google.com,,Google News RSS,https://news.google.com/rss/articles/CBMiVkFVX3lxTE50bjRmSHdXRnMzeDFLSHNWMDhaZUVHM2xCUGc1Tkh6TzAyRHRHMzRnalpaZDJFNm1MMW1GR2JNS0NjeF9xVlVkOTBfbVRremVUQjlSWDB3?oc=5,2.0,0.0,2.0
"Fri, 05 Jun 2026 23:43:45 GMT",US shoots down Iranian drones near Strait of Hormuz after Trump remarks - Crypto Briefing,news.google.com,,Google News RSS,https://news.google.com/rss/articles/CBMioAFBVV95cUxNU3ZvWjBtdlRuRnZENkVhSVAyZGpvSHRvZTVTLWFrdFk1bzFaNUxjUHhxRFAxOTlPbFRpSE1vdkN0TzhUSGo4TG9vTVJvQXFuWVZPRzVfTmFIdTB4aHF6TzRDWnl1NVoyN3FMbU9Zc2IybFBkaEZvQ0ZxaFVqTV85T29LclVmQkRoTDhZRjY4SmtSSVdHOW1OQW5SRnUwSlJr?oc=5,0.4,0.0,0.4
"Sat, 06 Jun 2026 10:24:17 GMT",Situation in Strait of Hormuz has become tense again - 1Lurer,news.google.com,,Google News RSS,https://news.google.com/rss/articles/CBMinAFBVV95cUxNdTV6WjlVODJuUjdlcXNQNXFVMUdhcl9URXM4VFVsSnpxNlRZM0RXR3V2YlRlUnhNM1BHNjFISnRhT1RadGlmalRvSHhtb2MzUnVyVU1wX2s2eFJlN3dwbVZXTGsyWFdKdmszeWRkbFo3WVgzM1VRWDZXcWNuM0RMQ0tNTkNWT2NfT09CRzRteVU4ZjFtMGJDdFU3WVk?oc=5,0.4,0.0,0.4
"Sat, 06 Jun 2026 00:04:22 GMT",U.S. Strikes Iranian Radar Sites After Drone Attack on Strait of Hormuz - Forth.News,news.google.com,,Google News RSS,https://news.google.com/rss/articles/CBMiYkFVX3lxTE1FNTVmeWJDeHhjQ2tING9QeEdLUF9pTThLbEhERC0xUFI5bC1nWTBMSXl0ZF9GS1dheHE0Zm5nQUlGMk1IZVZBMGZFTkRRXzRWaU8xcWszeE9JM01pQnh6cTdB?oc=5,1.4,0.0,1.4
"Fri, 05 Jun 2026 16:26:41 GMT","Global oil inventories depleted, next price spike could roil economies, markets - Reuters",news.google.com,,Google News RSS,https://news.google.com/rss/articles/CBMiiwFBVV95cUxQV01INndjOU8xWVM2Z1hYdU16cy1qQU85c0tLb0N6RDhaeG5Oa0J0YWQ4Yzh4TmRUUUJUTDBoVEdWUE5Kc2Y3NXFveG1NZHN6aVZpMHh5RV9waE96a3Z6ckxscHBVajJITGowdVFSeEV2cTVUaHhKcEFBSmxtdmFTU3Jpd1VMbzVyZnBN?oc=5,0.0,0.0,0.0
"Fri, 05 Jun 2026 14:30:00 GMT",Iran’s win-win negotiating strategy - The Hill,news.google.com,,Google News RSS,https://news.google.com/rss/articles/CBMikAFBVV95cUxPaXU1Nk9Id3FaMnc3OEJMMnowblNMY000bTBaOWpSNl9SZjNlbE1kQko4dnZBZWk4Q0ZTMnBXNGxYelVLSGJOZGtkV0VvdGNUN1JMcGFDSE80ODFIc2x5aGJ5YW9iTXFzMnFEbHdhWjRTb1QyZlVhTUNnSktKWDd0WEV2Umt1dUo3TTNBblVUb07SAZYBQVVfeXFMT1NFQTY3OUQ0SHdUQ0tyVFFncF9UNzBRR0VWYmhPeDl6MW9MRWJkV3J4TlJ2Nks0dEtZMVhXTzFHa1FRb0ZhWG4xeWZUeE1FM2NjX3hjT29jemZla0s3YnVjX1RzRTlIaC10dXVzaGhIS2JXMWlRUzdzT2V1R3Z5blF2N09HR3hNZDlGTERMamxYLU96WmtB?oc=5,0.0,0.0,0.0
