date,title,url,source_name,language,keyword,event_name,relevance_label,domestic_risk_score
2021-10-06,"원유가 치솟자 '미소' 짓는 정유사, 유화·LPG업계는 ‘속앓이’ - 중앙일보",https://news.google.com/rss/articles/CBMiVkFVX3lxTE5NNV9RcklyZmRjcUkwcnNHT1RMWWl4cWlMa19YT2RSTkJYNm92T2ljODVhRElEbWtxeU0tekZXM3lINmxMT2pudW5wUE00ZEpicmxQa0hn?oc=5,중앙일보,ko,??? ?? ??? ?? LPG ??,fuel_tax_cut_policy,relevant,7
2021-10-07,"불붙은 LPG 값, 석유화학도 가스회사도 운다 - v.daum.net",https://news.google.com/rss/articles/CBMiS0FVX3lxTE94bFJkcklLZEhYSTVJYVZTcXFIbmExRjhKWENLRERBZnpwRmY5bzRKUkR3RkFhbXFtaVhhb3FIZjBOa0ZlcXdYaDVrWQ?oc=5,v.daum.net,ko,??? ?? ??? ?? LPG ??,fuel_tax_cut_policy,relevant,7
2021-11-01,"SK가스·E1 ""내달 LPG값 추가 인상 불가피"" - v.daum.net",https://news.google.com/rss/articles/CBMiRkFVX3lxTE9GVGk0SkRfY2o0QVJOaFhTZF9ENkU3QWhRSFJ4emsyZmI5MllIYUNNMlRFSHBqRUtvVTl4THpOdGppY1UtZ0E?oc=5,v.daum.net,ko,??? ?? ??? ?? LPG ??,fuel_tax_cut_policy,relevant,7
2021-11-11,[그래픽] 유류세 20% 인하 시 휘발유·경유·LPG 가격 - 연합뉴스,https://news.google.com/rss/articles/CBMiW0FVX3lxTE80d2p5S3dRMWtHb0FHZWE4a1hmNEJ5MlJPY05XVUFtR0gxUDREQVdZTjRyMVdVNDBwXzlEZ2dWTmNIODEtd05UYk1FZXBYc0o3U3NOVmtFLTU2UGvSAWBBVV95cUxPLUg5bFFZdW15RWdpZThEOXB5clBpQ2MzREFkd0ZBTDZTeUdabkJFUnVzTXRWMGJMb2VEeTMyeFFKanh1RXNIOXdWT2JyTlMxN3NVcXNXSllpblgtbDBwTzA?oc=5,연합뉴스,ko,??? ?? ??? ?? LPG ??,fuel_tax_cut_policy,relevant,7
2022-01-01,주유소·LPG충전소 복합 ‘에너지 스테이션’으로 진화 중 - 월간수소경제,https://news.google.com/rss/articles/CBMiZEFVX3lxTFA5b2xSbnJYZ1pOSkh6ZVN5eG9hd3J2OC05bDk3NlJXTHU0MTY0YW82eWRPeWg0ZVd5bFNMaXh2UmJOMGZxUHc4YWlETE9RZG9sZFBSNGNlVUIzNUxNWnhMZ1VwNy0?oc=5,월간수소경제,ko,??? ?? ??? ?? LPG ??,fuel_tax_cut_policy,relevant,7
2022-01-04,셀프 LPG자동차 충전소 전국 5곳에서 시범운영 - 가스신문,https://news.google.com/rss/articles/CBMiakFVX3lxTFB2dXdoenJ1NEIycUpvRExIV3lrUFo0d3V2U2dHekg5YV9rVDhuRDBnZC1rU0hMNTBTbWNrRWxkRTNQVHlDUk80R1ZzMzJVZlphWmhwUkFmdzR4aTlQUGFiVVYtcTZnajdndFHSAW5BVV95cUxPS1FSWXRieGtQaV9CdlpuUTZGZGVreGZ5Ylh0bHdQYnhid3dGX0hjYkJQY3ZUZ2RzUmhYRVV4SnppQWplQjRYVzJaZzBYMUhHWE5ZdV9tU0drM1R5Y04yeHRiYlA3UEpIbDBFTV85QQ?oc=5,가스신문,ko,??? ?? ??? ?? LPG ??,fuel_tax_cut_policy,relevant,7
2022-01-14,택시업계 “도넛형 LPG용기 충전용량 85%로 상향하라” - 에너지신문,https://news.google.com/rss/articles/CBMicEFVX3lxTE80Z18wSVlPVDZibUxhR2ZzVGU3V3dhcEJlRnBtYWtFMlIwLWFxWmxNWE14WEw5OFM2ekJnSmlEOUFpOXNzekxGM0hDUUFyVXBmQlh6WVJYZFJmSDRycHhIN1owRUY0MDNCeUxfUC1Iem4?oc=5,에너지신문,ko,??? ?? ??? ?? LPG ??,fuel_tax_cut_policy,relevant,7
2022-01-20,"""58만원 난방비 폭탄""...도시가스 vs LPG 도긴개긴 - 제주의소리",https://news.google.com/rss/articles/CBMia0FVX3lxTFBHUTdveGdpYlRhYW12cjBNdW9LbmcxWFZKUnB6eDdyV1paNEtxQ3Q1Tk5XRm9RVFQzMUtWU3U1REtvd3hJZEVsRnRnMGV6NnpWUGFpTjZ1cHdib3hJbzdvc1ppNWpyNnh2WVNR?oc=5,제주의소리,ko,??? ?? ??? ?? LPG ??,fuel_tax_cut_policy,relevant,7
2022-01-20,운송사업 허가 받은 사업자만 'LPG위탁운송' 가능 - 가스신문,https://news.google.com/rss/articles/CBMiakFVX3lxTE1KbjhYLVJxXzV4OFJGOXhaRDNCbmFxNkZZVmR2Tjd3NTF0VGhpOEs5RV9ZdERCUkF0TGVjeWhWbGJfMHZqQXE3LVFqNmh1Vk1HZFZRVmVzN3l6eTFfR2VWcUlWd1BlMlNXYlHSAW5BVV95cUxQWWJDdFhKMnRZVEVzZ2kxempwb0pzRGU0QW5VU0dRV2kzek1EbDFaMnRTM3Y0enM4ZHloVTExc1JPZThMYlZ0N2QxVmhXak9DMVdTNWpab1RLOU11NE1TUWd0ZkVjdnlZZVFfMENSUQ?oc=5,가스신문,ko,??? ?? ??? ?? LPG ??,fuel_tax_cut_policy,relevant,7
2022-02-03,LPG 공급價 연속 하락에도 휘발유 상대비 100:63 - 전기신문,https://news.google.com/rss/articles/CBMibEFVX3lxTE9WN0tUY0UwWkVxcjQ4M3MzakNLSzJ5YmQtUmdIZXYyakZPYUpnRnFoR2lNSTZ2blk0X3NMM3NGdjV2dWU4MXJOSldqak9QTExmYnAzeVlyUDgyNlhPV3oxQTFCRXRsXzlsYXlUSNIBcEFVX3lxTFA2Ujk5dENTdVU5UFJFdU8yZ242aW9zcWNUaW9ZZ3lUWDNSU21NbnFJa3ZEbFY5T3VQeDN2ZXRXMTlRaklxd0RuMHRCaENqYnQ5dUQzbFdlZ2ZpMkt1SnFTbi1PTDFMNGFyRF9OOXpLSHQ?oc=5,전기신문,ko,??? ?? ??? ?? LPG ??,fuel_tax_cut_policy,relevant,7
2022-02-18,‘닥치고’ 전기차 보급에 고사 위기 몰린 LPG충전시장 - 전기신문,https://news.google.com/rss/articles/CBMibEFVX3lxTE5TNl8yaC1RWmc4VTMxQk1teHpfZEpiNkxTTVE5a29YTGFvNkpkYjZuTDZjdmFsNWNPVUwtWnU3ZzdIMHJhdVZEaGNsdm1TTUJOdFNLUUhlc2ZocG9aVmpTbGprTFZsLUZlZ0JpZ9IBcEFVX3lxTE5POERYN2RtY0R5dUZseHJPQUV2WkFqbEdoNlVRSXhvRElvQWVWb0VsU3R4QTRqMjJQdUgyS3djUXBhQkFreVNQczM4dE1QNjlwRGRSbzhHMndzUFBWTFQycXE5bkxLQWY0RnNWYUtLNU0?oc=5,전기신문,ko,??? ?? ??? ?? LPG ??,fuel_tax_cut_policy,relevant,7
2022-02-24,"LPGㆍ천연가스차, 2024년부터 저공해차 ‘제외’ - 에너지신문",https://news.google.com/rss/articles/CBMicEFVX3lxTE5PZE03S2loLU9nNF9kYVRsUG1SWmRMdXczVTRYODNGa1FjS0V4c1g5ZDMwcm43SHRmMEVxVHBOQ2d4R1hmNmdiQjNrc1U4UlZwbEl3N3BlaU00clpULUpqREhWbVUzQ1RqWjNpQktRYUQ?oc=5,에너지신문,ko,??? ?? ??? ?? LPG ??,fuel_tax_cut_policy,relevant,7
2022-03-01,"국내 LPG 수입업체, 3월 공급 가격 kg당 60원 인상 - 연합뉴스TV",https://news.google.com/rss/articles/CBMiZ0FVX3lxTE9NQnR3S1VUcm1Zbmx3UXdQak81dWh0ekd0dWEtSDk3QTNCQWxPYnItTWk3azE4VlliTk91bENOOUNqRVpDXzlZOFp5UzJ4cnp6OFNyaDZDMlM1MkVfbWxsYUdrQnNuTTA?oc=5,연합뉴스TV,ko,??? ?? ??? ?? LPG ??,fuel_tax_cut_policy,relevant,7
2022-05-03,LPG차 혜택 없애면 벌어질 일 - 더스쿠프,https://news.google.com/rss/articles/CBMibEFVX3lxTE9UUHI3WndKRmpUeFNLakJsRTRjb0hudWVGV1RfbnJjUTl4bDBidTY1MGVYNnktZWh6OXhob2pWazh2R25EbTNPOXoxX3RCOXQ4VG5fS01ZbEZIS3A5aEYwcEwtaDQwM1BnT2tKbA?oc=5,더스쿠프,ko,??? ?? ??? ?? LPG ??,fuel_tax_cut_policy,relevant,7
2022-07-26,LPG 車 인기···스포티지는 출시돼도 쏘렌토는 어려운 이유 - 시사저널e,https://news.google.com/rss/articles/CBMickFVX3lxTE0yWWZPOURxTEJ1cmlvaHd6TU5JLW5ua1JSX3ViSjdMbnNQVjhkamY4MzRsdzUtLVQyRnlnMXVITkxRNnpkUVpPMnJhOFlkLTNLVkx6Y013SkxWM3RwX3o2LVR3V0xYRGJYR0JqR0RNOWQwZ9IBdkFVX3lxTE5KZlh2SnhGTjBQMXVfc1FZLXdKNjExNzVVUUxzcjVyM3o1T29MNDlpU0w1NkhTY2R6UEtaVDNOMHVfbjh4VXdHVi1Ea1VsUTlaLVJPVmdxdndhTjE3WGdOWEpvSU42RldCczFiQmlFUW9lemtmX3c?oc=5,시사저널e,ko,??? ?? ??? ?? LPG ??,fuel_tax_cut_policy,relevant,7
2022-08-11,"석유공사, 암모니아 사업 기반 구축 나섰다…LPG 저장 확대 - 에너지경제신문",https://news.google.com/rss/articles/CBMiW0FVX3lxTFB1bWMtYzgyd1dld1I5NV9FeWRacW5JSFpaOGRsaGJtMEhaV09PeHJrQk5Qa3RRUW8zX2ZUQXFnLVVfaVlKREhJaGpseE5WOUNuRTcxZ1pTcXdvTlk?oc=5,에너지경제신문,ko,??? ?? ??? ?? LPG ??,fuel_tax_cut_policy,relevant,7
2022-09-06,농어촌마을 LPG 배관망 확대한다 - 농민신문,https://news.google.com/rss/articles/CBMiWkFVX3lxTE41TGNoRmJpU0g3d1R0UmxqNWxyTlc0NnhOdHVJUjVKOEk3NWxiUXJkeTZDYy04VHhFNXpJNTE4bTRWRVFhdV9kUVY4WmpoR2owRll5NElZMGVlQQ?oc=5,농민신문,ko,??? ?? ??? ?? LPG ??,fuel_tax_cut_policy,relevant,7
2022-09-06,2026년 LPG 비중 산업용 63.5%↑ 수송용 21.4%↓ - 중소기업신문,https://news.google.com/rss/articles/CBMibEFVX3lxTE9FR1gwelJUbktuRnVUUXNweVYzN3UydGJfeU1TWGFfdUEyM2RUZVZZOUxrb1VlQ2xiakk2d3VuRGp5YlZEcVg2TUZ0R2VxaEdpS1JoY2xBdzZjMzJEbUdjUmJlTVRlT2hyNVZwLQ?oc=5,중소기업신문,ko,??? ?? ??? ?? LPG ??,fuel_tax_cut_policy,relevant,7
2022-09-13,LPG 없었으면 어쩔 뻔…발전 혼소용 수요 6배 증가 - 전기신문,https://news.google.com/rss/articles/CBMibEFVX3lxTE5QdXFNaXhOR3FTblVMWVZESzNtSV9TVWpRYlJ5bDZ5WmR0Z2d2OC1tM0pfVU1jQkZndmJLVWxGN0QyR1JwY1JCQjMxeFp2RG9uYktVOEZxSmU3bzBiT0NnTm5hdlZZSnBlVXlIa9IBcEFVX3lxTFBpaGlsLWVXMnliVTcyREdZOVVPUUZzZWRDYjRJUl91TGQybFNTVjNsMjZ4X2hTZWZteGh6WFAtM2R4WF8tWkE4M2p3VnVfekR6Vkl2RGYzWDJWc3Bfb1VzT1lReUlXSElyYThCazRlR3M?oc=5,전기신문,ko,??? ?? ??? ?? LPG ??,fuel_tax_cut_policy,relevant,7
2022-10-06,배관 필요 없는 ‘LPG 가스냉방’ 인기… 보급 활성화 제도개선 주목 - 에너지경제신문,https://news.google.com/rss/articles/CBMiW0FVX3lxTE9xb1BlLU5tNTdBbF9TWXlfeGJoMkVOUXZBM1hab0xKSWZQR2hCcm1CaF9TaloyR2ZERHMtOTYyWGpQdlhkZTFnX1ZJbHMxZG9ieUF2Yk82Q3QxMDg?oc=5,에너지경제신문,ko,??? ?? ??? ?? LPG ??,fuel_tax_cut_policy,relevant,7
2022-10-18,"[기획] LPG선박 기술개발 어디까지 왔나중소형 선박, 친환경 LPG추진시스템 상용화 기대감 - 가스신문",https://news.google.com/rss/articles/CBMiakFVX3lxTE5OWmNvRGxKdlNDcW5FcWVlVGRXQzZOZHZSdE5OamRxWXlKZGtsYzZEZG1uclFWcHZKMjlXQkVLNTh1VW1PWGVBaDI1MEdjcThmR1UzdmUzcV92dXhVMkdOR01rQzk1LTF4cHc?oc=5,가스신문,ko,??? ?? ??? ?? LPG ??,fuel_tax_cut_policy,relevant,7
2022-10-20,다시 고개드는 ‘LNG→LPG’ 연료전환 - 가스신문,https://news.google.com/rss/articles/CBMiakFVX3lxTE9XSndlYVhsOXVTYW5MR2Z5ejhDc2k2Q1BjWWxCd2FCT3NPaDBkS3NrdDJ6dnkxTTFBV1NhdEkzd054cW5xNVc4Zlg2aS1kb3dhalg2amlZcnpyMEZ0UnFlbUNqaXh4aHI2RWfSAW5BVV95cUxQZUZLVm5pWldoeDEyUUpycWpiZ0MwZjFHRnZYMllLY01yVVVRUzFaTkltcXBsR0NENGQ5QWQ0Nnc2aUhQdUxiajJfNTRHRkVqbTdkSFVqY0lJY055TVdQdW5RM0g4U3VKTW9JR21wZw?oc=5,가스신문,ko,??? ?? ??? ?? LPG ??,fuel_tax_cut_policy,relevant,7
2022-11-28,LPG선이 다시 돌아온다… ‘암모니아 운반선’으로 주목 - 조선비즈 - Chosunbiz,https://news.google.com/rss/articles/CBMihAFBVV95cUxOTE43NUl2MTFRUlhmNkFQbS1vTzdPeVEtOFVSUTcwR0FOM0hnb1FTMDNtejkya1FacFd4WVJIVDJkd3laMVhtLWwtbWljNnBxVkZrdmRNRms3VmxWRlJrS3pTTzZ2SFF3ckhtcmowanJ4MzBvUXlmUk9jZkx0akl6SE5mM2vSAZgBQVVfeXFMUHA4ZVJDcTFEcnNiOVhacV9rbzdEVWgxRVlJZ21BSUxrTE9TQWdROXVIN3NUTXZPMU9FWUllUG1ZeUFDUGJLM3lUem5nMnM4ZHc1SXFKeDBOcnFQWm90RXBwSzhRV3NrX0o3c1Z3OG5MajVpYm5Ha1RBYW5ZT1FsRFhXNkItX051V3RMWkdqN1NXWkVoR2NFeHk?oc=5,Chosunbiz,ko,??? ?? ??? ?? LPG ??,fuel_tax_cut_policy,relevant,7
2023-01-04,"[기획] LPG산업, 제 2전성기 오나LNG보다 가격경쟁력 우위…산업용 연료전환 다시 불 붙는다 - 가스신문",https://news.google.com/rss/articles/CBMiakFVX3lxTE5zaWJsdGF3ZHZ1X2RDd2RneUhsWUZpd0ZOOGlsM09XWTNtd0F2dlJUY3lNWnNfMXIyb0pwMG1iclotNm5TRWdLVU9GWjJGQVFBa0QwV0xnaDY5czE1X05DWFVUd3ZLMUdnVlE?oc=5,가스신문,ko,??? ?? ??? ?? LPG ??,fuel_tax_cut_policy,relevant,7
2023-02-02,LPG 가격도 오른다…업계 “인상된 국제가격 연동” - 한겨레,https://news.google.com/rss/articles/CBMiakFVX3lxTE5kSVdYVzNyejFSekhocmQ4bWRNOGFiU0tyWVJNX3lGNTZUMEt1UkZSbGlNTV9lamdqWUUyTU9mV3NOZ3hCUjdDMk1ST2U4ZG9VTGVxbUJmdE9MbFY0VjBES0RRMFd4MktCV1E?oc=5,한겨레,ko,??? ?? ??? ?? LPG ??,fuel_tax_cut_policy,relevant,7
2023-02-02,"LPG값, 1년 3개월 만에 900원대 하락…車도 다시 인기 - 전기신문",https://news.google.com/rss/articles/CBMibEFVX3lxTE1GNmRSdmtxVERlbm5CZU82ZGZUREVtWkFQaDhDdmFod3h6MWt2b2NQajFTSFpKSnZpMlhqalpNVTVoRXhCRG5XZEVuMHFTSUluTjRZQlhXVjJPUnRUeTdLOEdxUEg2Z0pGSi12b9IBcEFVX3lxTE5iRTFHSWNoQVV1MksydG4zOFhiVFBybWJsamU4dV9ZZ0g4em15RXdYV1o4eS1Id2xkVldmelJ0RU02NVIxcGdzNnZVblVmZXFWWV9tc0hVYk1vUGd4ZElFRjJfa0hTWmk3cmhiNFVyMjI?oc=5,전기신문,ko,??? ?? ??? ?? LPG ??,fuel_tax_cut_policy,relevant,7
2023-02-04,[시승기] LPG 단점 빼면 준수한 기아 ‘스포티지 LPi’ - 조선비즈 - Chosunbiz,https://news.google.com/rss/articles/CBMif0FVX3lxTE5BUDh0bjlBZERuRHdUZUx5T1FFcGNpVnZtYy1vTE5uRjJUdm14MWhZWDdELUdoXzhZczNfYndkQnUza2pFOUxQd1JDdDhtQmY3dGZhaGFQVi1SeXVwV1BpWVJ6T1NEaWN4aG9JQVdsR090Ymtfd2xveHAwME96TlHSAZMBQVVfeXFMT2NFcldZNlBHQkVibVRmZ1JsYVlTZHNLeWJRZjBXYUdXTVg5VFZ0cks4TU1vWm13MjloWV9SVHNMMXk5YUp0X2xLWFZ2eDZzaFdjWTFvUjRrcHc3c3JZNWZlUWExOVRhc1phZXJqNWo2bzN1VW4tRTkwdmIyVWtYSk9IRUhxS3ZMNjlhOUhnVzVvSlBr?oc=5,Chosunbiz,ko,??? ?? ??? ?? LPG ??,fuel_tax_cut_policy,relevant,7
2023-02-15,등유·LPG 취약계층에 59만원 지원…알뜰교통카드 지원횟수 늘린다 - 대한민국 정책브리핑,https://news.google.com/rss/articles/CBMibEFVX3lxTE50OFIyQ0RCMGN6d1FSeHF6RnU2TFRDUzAycWtHT2hLYnZRSWNJZ2c3S3puSkVPYUVrckJfeURIR250ZUZ5aWdobHoyZG1aOXIxVjhKaVluSEtXRXNCQ25oZFpZdExGU2hYQmI5NA?oc=5,대한민국 정책브리핑,ko,??? ?? ??? ?? LPG ??,fuel_tax_cut_policy,relevant,7
2023-02-24,국가유공자 등 LPG차량 세금인상분 지원 - KDI 경제교육·정보센터,https://news.google.com/rss/articles/CBMiaEFVX3lxTE5Ma1pNSGdfQUlVcElQRkdfeVp4QVAxTDk5SHhKRC0wMHppaFFYTGxUM0k2UnM2WVdsbDNiQWluWEpPekxYaVQ4dkUzWjhpTTRZd3R5elk1X1huVloya3VFakpjbHVoeXY0?oc=5,KDI 경제교육·정보센터,ko,??? ?? ??? ?? LPG ??,fuel_tax_cut_policy,relevant,7
2023-02-24,[모멘트] LPG 국제가격 34% 급등 - v.daum.net,https://news.google.com/rss/articles/CBMiT0FVX3lxTFB4SW9jTWVGVjFhWkVYMHRsRzNySklLSEhKU1lUeHJXelIyNVpaaG9wSW5uZGtuYjN6NVpSNVNmYjFRVGp1VkJ2MGxBT0p3aW8?oc=5,v.daum.net,ko,??? ?? ??? ?? LPG ??,fuel_tax_cut_policy,relevant,7
2023-03-19,"신형 그랜저 LPG, 좋은데 왜 안사지?[차알못시승기] - 머니투데이 - 머니투데이",https://news.google.com/rss/articles/CBMibEFVX3lxTFBoNUdVbUtfY3VQSG1VemQzc20xLW1uR0xWSVdYUGlKSktSNzRUUXA5ZU1pMHlCT244OXVOQkhoSHc5N25lSXQ3QVhqRW9pNTN1eVY3MUwtYjJHMFBkUDRFcUFsdWpabVU5eXNEcdIBckFVX3lxTE9Dd3FtT1JsaHBPVHZJNVNYYkpIYUMxc0JHMWdvQmtPQnlxak1lUXJkZHUycXYyc2ZsQWhuV2hkRklnbGJ1X180Z3ZaeE93RWhzOE5UM0dDcjlDRTBfNzdKRHpLejFFeXMtUXc0OEo5TFA0QQ?oc=5,머니투데이,ko,??? ?? ??? ?? LPG ??,fuel_tax_cut_policy,relevant,7
2023-04-17,눈길 끄는 ‘LPG차 개조비용 지원’ 프로젝트 - 이투뉴스,https://news.google.com/rss/articles/CBMiZ0FVX3lxTE1CbGRLck9QWGFvYXFOYkd5ekl2OTFuU2hjZWhxejlVRmNmcUJiZm9fT2RrWk5vaHVqWm13ODAwY1dPVENiU3dnZW12SWF2SkdVa2w4b0NueGlaNF9aV1JIakV1d1Q5ZVHSAWtBVV95cUxPVHg5OHdjd2VrZ0xnSTA0RjlZUjZCb3h5aTBYZWI2c1ZQVjBBZV9JT2RINUFmWm9yZEt3RzNBdHNPUVRTMUVab3dNZ3VmNllJY3J2WWUzdWo1V2tvZ2hNUWN5azVmQ3NacUJaQQ?oc=5,이투뉴스,ko,??? ?? ??? ?? LPG ??,fuel_tax_cut_policy,relevant,7
2023-04-20,"제주 LPG충전소, 전국 평균比 165원 비싸 - 투데이에너지",https://news.google.com/rss/articles/CBMibkFVX3lxTE1TR2JSaEktVFhmSWwxRUQ2N3Bjd1NvS0c0VVVqa0N6S0Q5TWFSVlJqRFJQUmJSSjFPQ2JnSThiSkduUnhodE9KaGc2ZldoT25xT25aY08ya3JBY2ZHeVhFS2RxY3N5aV9Idjh1Q3JR?oc=5,투데이에너지,ko,??? ?? ??? ?? LPG ??,fuel_tax_cut_policy,relevant,7
2023-04-26,LPG 1톤 트럭 시대의 서막?…남양유업 경유트럭 2300여대 전환 - 전기신문,https://news.google.com/rss/articles/CBMibEFVX3lxTE43YXUyTkJKVXJDQ2NXWlB3eXVJeTMxYy1Ta3JMZTY3Q2FpWUxCaWVSZFpZcHZkLTUwVnozUklFem1xZkpNSHByeUxQS09MVXJLajJEVHhxSmdrb3JtUjJ6LTRwNzRFSE5YcHJLVtIBcEFVX3lxTFBLR1BsbE9TNVA2UFhFakJpWmhGUUdJMjhVQVMzTFgyUW14Z09lTloyWF8yNkVCX0V6VmdxZ3AwOTctX3dXc293ME00UWMyNU1XTWFzTFh1ZWw1bjF3WE9FQkJ4a3JnLTh5dzlWbW1tZFc?oc=5,전기신문,ko,??? ?? ??? ?? LPG ??,fuel_tax_cut_policy,relevant,7
2023-04-27,"SK가스, 세계 첫 LNG·LPG ‘듀얼 발전’ 돌린다 - 중앙일보",https://news.google.com/rss/articles/CBMiVkFVX3lxTE52Z1VGeGg5OWVPLThTbk5MNmdwTjRsSGlzRWRGR3R4VFFDaHhnRmlZYVFGTkM5VWVVXzMyWFpyS000WHU4eXc3TUdxa1M0cXRtVHctdUx3?oc=5,중앙일보,ko,??? ?? ??? ?? LPG ??,fuel_tax_cut_policy,relevant,7
2023-05-24,올 여름 친환경 ‘LPG 추진선’ 뜬다 - 에너지신문,https://news.google.com/rss/articles/CBMicEFVX3lxTE5pWTlYdlBpSkJ3Yl9Sb1ViQ0pXb2twWmJiWWM3ZkpjTElrTDFkTC1Wc2JOWlczRk9RR0FkQ1ozTXNpaWN5OTY1WjlEem8tYUEwaXo4NnJUdWpYQVJNU2J2X1RfcXZ4T0ZXZnpvRW1nUTY?oc=5,에너지신문,ko,??? ?? ??? ?? LPG ??,fuel_tax_cut_policy,relevant,7
2023-06-13,"LPG셀프충전, 전면 확대 관심 증폭 - 가스신문",https://news.google.com/rss/articles/CBMiakFVX3lxTE5MalJBd1daR1lNeURjUFppczdESUt6TEdyMk1QSWtlbF9fdFFoeGZoTVBKSXNiUE80Wk1mRGxkc3Z3LUdJSDBZSVo5UmxTOEc1RnVxWHlzdjVOTTdnYnVUQzd2T0FlU3A1SXfSAW5BVV95cUxOdFg4T2pUb1RvYjZWZWk2VF9GeHVHN0lhM1R2ZURva2p1N0Q1aTZMYWU0NFBVYVdKa29CWkVpTFFwcWh6WVJOOG5NM3pUYno2c1oxcU1IcmRDSGtCdUxEcjBqVlFlN2k5eXFrYVhpZw?oc=5,가스신문,ko,??? ?? ??? ?? LPG ??,fuel_tax_cut_policy,relevant,7
2023-06-22,LPG 충전소 폐업 줄 잇는데 국회서 잠자는 ‘셀프충전 법안’ - 전자신문,https://news.google.com/rss/articles/CBMiTkFVX3lxTE5Pb2pFaHFOaDlmWGdVcGFPbmlNUDZGTnJKX2tXeDY3clRsQy1sWnFkZDdiUk5ReWtPV3ZJMmtybWRIcDB4SkdlTU10RnJzQQ?oc=5,전자신문,ko,??? ?? ??? ?? LPG ??,fuel_tax_cut_policy,relevant,7
2023-06-26,2000cc급 LPG택시 단종 소식에 불만 증폭 - 가스신문,https://news.google.com/rss/articles/CBMiakFVX3lxTE1scHllaXZTXzdjMXNfSzBycHhBc1JKUXZHckpGenJYdXNQZEYxNGdGc041NjVVbXhaTERQTDl1eXlyLWM4Z1AtWndQMWFFdGY1YnpxdmMycUw5cmRHLTdCRWR6Z210ZzFFenfSAW5BVV95cUxOLUlnX0ViNTM3Y2lpRTFNNFdUQUstYll5a0lqdmNBU0FlNTZBWk9EOURZcUNDdmtSOGczbmFKVUQtel80UHZYTGhKaTRWXzdfLXVPOTdGei1kblZXMnBLNUFfRkkzMTZENWEteGl1QQ?oc=5,가스신문,ko,??? ?? ??? ?? LPG ??,fuel_tax_cut_policy,relevant,7
2023-07-10,LPG특정사용시설 정기검사 1년으로 변경 - 가스신문,https://news.google.com/rss/articles/CBMiakFVX3lxTE1rMXVnMXBabGtqZDFkUEpzZGpSQVowWUFWNk42dFp5d2pKNkVGbktfaF9LZUdXTlVoU0NoTFRfNnF3T3ZCVmJfLWgxR0VkZ2NtMjB6NUVWR0RHSE5XNHpBSTdKOTRJbWgyUlHSAW5BVV95cUxNaHpRSzlHUGRkVUhsRkpFckJ5a0V1dmdvUzd0YmNmNUxhel9YdXFXUUVodG5fdk9pS2REVWp5YzFYaGU3anctT1RlMklHQWtkaHVvMDF1UUxFQjVFN2FlTnNmQ3ZjcmdBZTFNZ3NjZw?oc=5,가스신문,ko,??? ?? ??? ?? LPG ??,fuel_tax_cut_policy,relevant,7
2023-07-20,"도시가스 없는 농촌지역, LPG 배관망 구축 시작된다 - 농민신문",https://news.google.com/rss/articles/CBMiWkFVX3lxTE5KNnFONmhMdTNPYlh5emhwelJDcjZiZnppcGFFaTZsU2dxSm9iVUJIbERBWVQtanhKQUVZMldqSE52T21HWjloRkQxSjV4ZUdVTENEcjlSTFNRdw?oc=5,농민신문,ko,??? ?? ??? ?? LPG ??,fuel_tax_cut_policy,relevant,7
2023-08-01,LPG 수입시장 10년 새 대반전…값싼 미국산 2012년 1% → 2021년 92% - 에너지경제신문,https://news.google.com/rss/articles/CBMiW0FVX3lxTE1YRWt1b2RjZHA2a1g5QjhXMnF4bF9SOXRvVk1zWl9LMUtiSjk5ZkE2RzRXQllTUkZYbmlBZ3NZZXpGdnVFREFFdVlPdng0T0FHVWV6blh1QWt3WEU?oc=5,에너지경제신문,ko,??? ?? ??? ?? LPG ??,fuel_tax_cut_policy,relevant,7
2023-08-04,"STX 연해주 LPG 탱크 터미널, 본격 가동…대중 수출 가스 첫 도착 - 더구루",https://news.google.com/rss/articles/CBMiYkFVX3lxTE1FVEt0aWdzako2VkJzZ2U4bWJydWJTTnBYUXFxNmF2ckVWUGhzNnR6VjlaVXRDTXNRSXMyTXJqWnhUSTkzQ1J4eGs1eGJkSlFDeUJfdi0zUUtZQVByVTdocGNn?oc=5,더구루,ko,??? ?? ??? ?? LPG ??,fuel_tax_cut_policy,relevant,7
2023-08-10,"IMO, LPG 선박 국제기준 최종 승인 - 철강금속신문",https://news.google.com/rss/articles/CBMiakFVX3lxTFBodmxwMHdWWHRGbG1Lem5vS2c4ak80aUFvbjk3eFJkUzRyXzRzMWhSbHBGbU5UOU5COHhhYlpZYlhwZDkxSXRyc01mMmZ1YkY0eVFvT0ljLXZGR21nbHdfSDMwbVNfRWVsU2c?oc=5,철강금속신문,ko,??? ?? ??? ?? LPG ??,fuel_tax_cut_policy,relevant,7
2023-08-26,이렇게 좋은데 안팔리네?…신형 쏘나타 LPG 타고 속초 가보니[시승기] - 머니투데이 - 머니투데이,https://news.google.com/rss/articles/CBMibEFVX3lxTE5OSFlMaTFZTF9ESWI3UnQyOG01elB6UmhXU2ZubW1VWE9zREFuMWVmN1BTRVhRcHc3cW9uemZaX1hnMjJIenpXeEZYaEY5Q0w0R19OZHk0Q1VkOVFnSHFKU1pFcENDQmh2LWZqYdIBckFVX3lxTE03RzdpYnI0cWVBeFZtbkFVMGswM2VrbUdvOUlKajdLWjl6bEJIbnh5SHgzN3dRdDJGT25CYlNMRXd6WnNnc3pTU3RTX1BGSnA4RDNfOWFBVW56M002X2t3ME5nLXluTXBIclEtYVBGdEJZUQ?oc=5,머니투데이,ko,??? ?? ??? ?? LPG ??,fuel_tax_cut_policy,relevant,7
2023-09-04,"충남도, 도시가스 없는 마을에 LPG 집단 공급 - 연합뉴스",https://news.google.com/rss/articles/CBMiW0FVX3lxTE5PcHB2LUQxcjVqRkJxODBLY1pKZHIyNmY5bG02dTNNZVFkMjQ0QTJ3ZWI5YkozVWtLUkNqTDVpb3BJVFBvSFU2SDBTNDVEOWw2b2NDRFdEeTZMMUHSAWBBVV95cUxQUUxRa3JZNFNaWTFxS0c4YWFZMFQ3Y2FmT1FGMFU2ZENQZXJ2ODRicDdrUE5tU1FObkJaeWlsVDRMWHBtN2czUU5iaWVrT2dCWVRITWJ1dG91RXJEU0NCVmE?oc=5,연합뉴스,ko,??? ?? ??? ?? LPG ??,fuel_tax_cut_policy,relevant,7
2023-10-04,[미리 가 본 2023 국감-LPG 분야]일부 250kg 미만 특정사용시설 정기검사 폐지 ‘논란’ - 가스신문,https://news.google.com/rss/articles/CBMiakFVX3lxTFBST1hSX3d0UDRPOHppWTVZMmhZelVVZFZsLWZhZWV5X21vdV9VMjFUcTdEVEZocmtiT2RqTzZERnZCLU5lYTlRM28zMWhTZkhicXpmS1JMT3BFYndRSk1QTU56Wm02YkVJQXc?oc=5,가스신문,ko,??? ?? ??? ?? LPG ??,fuel_tax_cut_policy,relevant,7
2023-10-11,"선택지 없던 LPG 1톤 트럭, 신차 나오자 보조금은 '일몰' - 전자신문",https://news.google.com/rss/articles/CBMiTkFVX3lxTE9IMHpuN0hJcV8wOGlmc1Y2M0RHRzBmWjZDMHd6Ui1vU1ExRGFaclR4QS1FRTdGdUduRnViWkl6aldBUnJFdXhuSzZWSmdsdw?oc=5,전자신문,ko,??? ?? ??? ?? LPG ??,fuel_tax_cut_policy,relevant,7
2023-11-06,[분석] 가격 떨어지니 품질위반 LPG충전소 감소 - 에너지신문,https://news.google.com/rss/articles/CBMicEFVX3lxTE9XRjA3ODU2NDhmUFhycXlCS25ySjQ0c29DUC02eE8zd3BENDhJZkcwcWRRMmlBX1ZyUTBROVZJVmhGSzN0UWl1Q2pIcTRXWDRlQ1dBWUtma3NJNHVnOGRvVGlHV29tSnVGTTZxNXdCMXY?oc=5,에너지신문,ko,??? ?? ??? ?? LPG ??,fuel_tax_cut_policy,relevant,7
2023-11-20,물가 정책에 12월 LPG가격 동결 VS 인상? - 에너지신문,https://news.google.com/rss/articles/CBMicEFVX3lxTE5BVmxDS3JmRUFMcHh5cU5zVkgzaDlGNDZtZnh5QWVIcHNlX3NnRlFaVDBuTDVFRTlOLXcwTm5lNVN6U2JxYkt6UmxmSU04azgycl9McU5LQ3NUM1hhdVBsVUswZTRvd085VnpvOEV3eXE?oc=5,에너지신문,ko,??? ?? ??? ?? LPG ??,fuel_tax_cut_policy,relevant,7
2023-12-12,LPG 포터는 경유 포터를 대체할 수 있을까 [분석+] - 더스쿠프,https://news.google.com/rss/articles/CBMibkFVX3lxTE12Q1N1UDZPeHNvZjQ1eS0yU1hjS3lMcnFabHl6SEg4OG9IUlN6eTVSLV9HTEdpNENtN3c5VjE4LVdyeWMwQWNzM2Q4aTczREYya3F0eFU2U29oUTl1QjBOYXlWd1dXbGRIOXFXVFlR?oc=5,더스쿠프,ko,??? ?? ??? ?? LPG ??,fuel_tax_cut_policy,relevant,7
2023-12-18,"“취약계층, 등유·LPG 난방비 신청하세요” - 전체 | 카드/한컷 | 멀티미디어 - 대한민국 정책브리핑",https://news.google.com/rss/articles/CBMibkFVX3lxTE9DeF9BN1Z3WjdhYlZlOExWdExMbXBaMHZVTzhXS1M1WHhNV09tLVBLbXdTYWQ3M0NrTk1MdjJCcmZLUTFGbm9OWE5wdkkxYnh6R21aOW9jYjVRZ3RjSlRnWmNVd0Y0UjlSYjV1a19n?oc=5,대한민국 정책브리핑,ko,??? ?? ??? ?? LPG ??,fuel_tax_cut_policy,relevant,7
2024-01-01,평창 LPG 충전소 가스 누출로 연쇄 폭발…5명 중경상(종합) - 연합뉴스,https://news.google.com/rss/articles/CBMiW0FVX3lxTE05T2FjRG1vMGpsV3BEYjktNmR0MVdyRWstSjdrRFZINE9HYVA2VDZrQUptVExPYjFkVjlFZ2ZDakhid2FjTXlVSWZjVmxlVmdCQUo3WGhzVS1ENVHSAWBBVV95cUxPTDVqUU9za3dqNmNDR0ExVzZqNUIwQ0tlb0RTdWtxVE52bEFKYjFrNVZacjBxalRyZ2kwOEpTTmY0S3V0WHJULURNU1NBbi1jLTZySlZzRFphZzhCelBtdDY?oc=5,연합뉴스,ko,??? ?? ??? ?? LPG ??,fuel_tax_cut_policy,relevant,7
2024-01-02,[기획] 올해 본격화되는 읍·면단위 LPG배관망사업2028년까지 총 75개소 5만여세대에 LPG공급시설 구축 - 가스신문,https://news.google.com/rss/articles/CBMiakFVX3lxTFBPTF8ta1lFc25NajZKUXNlRm5adVdvQ3lZQUc2eWZNR3B5dU9nTHFiSEpyZ0pSRnRIRndHMS1mU21DanZjUTk3RHFjM3RWc1dtUTgxamVIY3ByaDNPNUs1cWloWnVDdUdCNlE?oc=5,가스신문,ko,??? ?? ??? ?? LPG ??,fuel_tax_cut_policy,relevant,7
2024-01-02,"평창 LPG 충전소 연쇄 폭발로 5명 중경상, 주택 등 건물 14동 소실···‘자칫 대형참사로 이어질 뻔’ - 경향신문",https://news.google.com/rss/articles/CBMiWkFVX3lxTE4xZ2lhWXpZUGlFdFlLME4xS1REOWZXQ0ZBcWdhaDhCQzhjQmJ1Y1dvUldNVmp1NlFnTUl2bXhYbG1kSk50aWxWbzZjejlWZ3d3OHJfeEp5bnBTd9IBX0FVX3lxTFBnRnIyVlJ5MG50NFY2VWhqZzJ3dm96Szh6cEdZMDVXU2p4cV9tZ0JGd3dUTXhMMHVHZ256b1NUZGRZUjRrZWtoOXktLUdaMmw3Mk9jVDFRaVpMY084Y1VR?oc=5,경향신문,ko,??? ?? ??? ?? LPG ??,fuel_tax_cut_policy,relevant,7
2024-01-02,평창 LPG 충전소 폭발사고…정부 “전국 모든 충전소 점검” - 전기신문,https://news.google.com/rss/articles/CBMibEFVX3lxTE5xTkZXUXoxa0dzX19UOUVwRnJ5bWNjMGM3TTVXN0tqdm0yN0ZpSDlnX3pXUlZfRXF3VmhweWFrOGplZGFkSXNPOGVuakV4eHJxV2RrOExUamtXd2pTYXV5NWJDZDRwSEUwOGF6Q9IBcEFVX3lxTE9sTVV0NWNyTWRQN3dBanlTTERTMG96TVBScHUtXy1pUDA1WHY2RksxZFFja29sYnhGakNmbk9TNmIxVE1oNHNWMlFZaVN5TTdMY2hhQkJYVGc3NkJZeVdUcGVmczFuREQ4Y3hNSXhnS2w?oc=5,전기신문,ko,??? ?? ??? ?? LPG ??,fuel_tax_cut_policy,relevant,7
2024-01-03,[초점] 잇따른 LPG충전소 폭발사고 원인과 대책 - 가스신문,https://news.google.com/rss/articles/CBMiakFVX3lxTE81RnVac2ZQdFVLNWZiUjRha3p0djZNTDZ3X2tBNVZ2b2JyNFZ2UHgwWW9WWXQzNjF5cnRYcTlxNkNoVGRQblhaWEFLbG5adUFMQ291SzVIR3Y0YklTY3lDeDJGamxoMndWN2fSAW5BVV95cUxQamx4anZiVXJ0QmhPNldGWS00OUNMWnZhTngwWXc4dXF0QnJic3cxc295d01UWlNxOUwxcVpzaV9PQWVueTVDaTZwdXZHX3ZxSmJQcXNKSEV2TzBXYVVqZlF2SG1RSEF6V0ZhdHJWZw?oc=5,가스신문,ko,??? ?? ??? ?? LPG ??,fuel_tax_cut_policy,relevant,7
2024-01-03,잊을 만하면 '쾅' 터지는 LPG 폭발 사고…안전불감증 여전 - 연합뉴스,https://news.google.com/rss/articles/CBMiW0FVX3lxTE9WWWl6RGxPam4ySXc2dGhJOUI0dEk3R0E0SEFTWXpwUjMxZ1cza1VUaDVua2Q2WDItLU0wdGprVFNzR3NBMlVMR0JCb01VV2VxWXJSVUY2SmRGem_SAWBBVV95cUxOcWlSSFRFTmZoVm45NkpUbnBVeGxBNW1wLTJVWkwzeFJ0U2tka3doeTA0NlBGMXQtMTBDemRVUENPeWZkTkVEenVpOFdCVHRwa1BYcFYzN28yaGhfMUVQTHU?oc=5,연합뉴스,ko,??? ?? ??? ?? LPG ??,fuel_tax_cut_policy,relevant,7
2024-01-04,LPG용기 남아 돈다…검사비·사고 낮출 해법 모색 - 에너지신문,https://news.google.com/rss/articles/CBMicEFVX3lxTE9yOXRJV3hYVWdlTHhEUFBkQTBjaDh4X1NRLWRKM2xrclltMVlobTlRVUZvNmQ4eVc4dVRleFF1bjJSYno5bXFqQVdxa1BHYzBFbjRoSU9aWFd2LUhtRHpoOERvWE15T05jbk5pQnVVN2Y?oc=5,에너지신문,ko,??? ?? ??? ?? LPG ??,fuel_tax_cut_policy,relevant,7
2024-01-04,LPG사업·저장소 폐업시 폐기 증명서류 첨부 의무화 - 에너지신문,https://news.google.com/rss/articles/CBMicEFVX3lxTE11blZyTXk3eGxFZS1VbnFUUXdOVjFXekU4d2stYkgzNnZYempXeWdnalhUdS1RTHh4M3Q4QU9LeV9QSVVQR2M5eVZvMXpWVmR2R3NybmtEX01yQzFBSU1feUh4MDRyTVNCeW9XRmV5elI?oc=5,에너지신문,ko,??? ?? ??? ?? LPG ??,fuel_tax_cut_policy,relevant,7
2024-01-12,“LNG 다음 LPG 온다”…LPG·암모니아 운반선 기대 거는 조선업계 - sisaon.co.kr,https://news.google.com/rss/articles/CBMia0FVX3lxTFBEeHB4ZUg0d0NYSy1saEptdDUyTERzUk5xZmdyelE3SlI2QW8zVGlwamJ2b0c1VUc0RnlLQkRXOEFjZ2pwVEE0N3NwVW1KVkk4dEx0MGxpNXA4bkl0UjVYZDN5UkU2MlgxQ1dR?oc=5,sisaon.co.kr,ko,??? ?? ??? ?? LPG ??,fuel_tax_cut_policy,relevant,7
2024-01-13,LPG 폭발사고 이어지는데 안전점검 이행률은 21% 그쳐… “검사 늘려야” - 조선비즈 - Chosunbiz,https://news.google.com/rss/articles/CBMihgFBVV95cUxQT0UwWnZMNl9PU0xtWjB3SjhYTWladE85TWZvVWFEa3hJNzI4NTktMEtDMjloc0l2cmNnMU5TNDFibG5KOGRYZTZzYjVFaE5YaWpiWUNkWDdjRGZzQm1ibll6YXFubUpTdFAyMlRoT1BvTHpfelBaLVlFRGRQTW9mZDNYMUdOZ9IBmgFBVV95cUxQMGltLWZDVGVOekt3ODdEblBJZ0Vhb3FWTkM1ZnNJMGdCdGlSRjlFSFRFVE5HT1NXUmJXdk9abG5JZVNMdGJRRGNCMGdVZVgtNnYyXzFnQldYbXc3R0duUWl2M0Z6bV9oMXNjd19yS0NXamtqOHVmdUF0bGhsUXpVal9HV21NN0xrQURIZ1lsOFlrVUdnSTBXcDRB?oc=5,Chosunbiz,ko,??? ?? ??? ?? LPG ??,fuel_tax_cut_policy,relevant,7
2024-02-11,"[시승기] 부드럽고 민첩한 움직임 'SM6 LPG' ···""시내 운전에 딱“ - 시사저널e",https://news.google.com/rss/articles/CBMickFVX3lxTE9BdWx1ckZtelZIbUs0bTUtZzE2b0F5czhxcXJNeGpFRWFmeVBEMGZRNS1VUE1tZHVpZGR4cXRQVmtZbTdZRUpRdEQtY21nbG1PY3VpcG85UGc5am0wNmRyWUN2QXdhLUVOUTNTSEpGQlM1UQ?oc=5,시사저널e,ko,??? ?? ??? ?? LPG ??,fuel_tax_cut_policy,relevant,7
2024-02-18,"LPG품질위반 충전소, 지난해 9곳 적발 - 에너지신문",https://news.google.com/rss/articles/CBMickFVX3lxTE5KcUk0eEkwclZ3LTc1eW9zcDBFOWVtNDI2WXVMRy1JeHN5NE50cjRlSFRZTTdkMkZaUHNtVERYQnVsc3RER3ZER0V0R25pRkhCb210Z0JuOV9Ed2lOcVBiUE03UXJBX1J1Mk5hTWZwVklQZw?oc=5,에너지신문,ko,??? ?? ??? ?? LPG ??,fuel_tax_cut_policy,relevant,7
2024-03-04,"국내 친환경차, 작년 누적 등록 대수 212만대…처음으로 LPG차 제쳤다 - 경향신문",https://news.google.com/rss/articles/CBMiWkFVX3lxTE5NNmlqZ1ZOMGVZSVF2bU41ZEtuZWY1SzhiYm0tY0Jza0w2b00yN29sSDVUcDRSekhKcWE0UjVteHQ2bUZpY1N4bWpFYXNTRlVJM2NveGhzWTJEd9IBX0FVX3lxTE1ybWxSVUtzeU9wSmxNZHVZWGx0QldzdGpQd0xBVWZDdmEwSHNCWEVYTWJqaV90STU2eEIzTDNaUzcxOUVzRXVkbndGWGZXY09zOXJaWmtTT0RyLXRveWFn?oc=5,경향신문,ko,??? ?? ??? ?? LPG ??,fuel_tax_cut_policy,relevant,7
2024-03-06,LPG 재액화 원인 ‘충전기준 미준수·액 비산’ 주목 - 에너지신문,https://news.google.com/rss/articles/CBMickFVX3lxTE1Nc1F1aDhwUW5iYndSem9HQ0laTjdFUF9PNTMyd1kwV1hVTTFlNFZnMTJvaVF4aWliUUFRQlhlLUpaRkZzNTlWSTdUWWdGTmttYVdjV2Q0bGx6N2hscUtJUDBxMFN2ZzE0WnlCUlZrV3ZpZw?oc=5,에너지신문,ko,??? ?? ??? ?? LPG ??,fuel_tax_cut_policy,relevant,7
2024-03-07,"SK가스, 한국통합물류협회 위한 1톤 LPG트럭 전용 멤버십 - 가스신문",https://news.google.com/rss/articles/CBMiakFVX3lxTE5VNTJFOVExZG5tdWY4Z3ZuaFo0VHg5anNpLUZJZWpvSzh6cDU1TTFOcXJGX2xOWXNiZENnMW1taHRqY1p1dkRtZUNUcm40R051SFhWSXFqZzlKeVRLRTRPN1p0X2VJRFB1a3fSAW5BVV95cUxNUklIUmVuZk5SSWJ5dXd6WEhBN2V1aHlYLVk5OGdGMHBGanZDWW5oSml2QmhPV3R3NVl2OTJWNzhGaG1ESUtuXzk2SnlYS01jRk9WelZhVmtwTmhCQVM4SnpDQUhNdFkxMjd0cllQUQ?oc=5,가스신문,ko,??? ?? ??? ?? LPG ??,fuel_tax_cut_policy,relevant,7
2024-03-14,"930만4000톤 LPG시장…SK가스, 38.4%로 시장 점유율 1위 - 에너지신문",https://news.google.com/rss/articles/CBMickFVX3lxTE5IVWlRX1MtVEJ5MjI0dkFGTWE4X05Lek1lSFRwVlg0Z0Z3UmNvblAwWUFFcEJjNElhT3hwbWdVeGZjV3JCSjdGSlZoQkh5QnJmU0NEUHZ5ZkdoUHhmb1NLM3g3S3hQYjU3X0Jpd19BNEpfZw?oc=5,에너지신문,ko,??? ?? ??? ?? LPG ??,fuel_tax_cut_policy,relevant,7
2024-03-17,LPG트럭 매월 8천대씩 증가…경유 자리 꿰찬다 - 에너지경제신문,https://news.google.com/rss/articles/CBMiW0FVX3lxTFBoSC1SRFlPTV9fc1I2dnliYlRYaldBQVZTbjZPWUtOdXBHQlI2NDFLVjJwUmJYNGlpZkhzZ1BxVFR2bF9mb2pKQ19sYmdHa0Rka0xDdDFIdkFUNG8?oc=5,에너지경제신문,ko,??? ?? ??? ?? LPG ??,fuel_tax_cut_policy,relevant,7
2024-03-21,"""평창 충전소 가스폭발 사고 책임 모두 감당하기엔 너무 억울"" - 연합뉴스",https://news.google.com/rss/articles/CBMiW0FVX3lxTFB1dHM1ODVvR204RXFJSU5IV1VOUnA0X21ZaHZEUWJGczBPcEhzV05XX1JaUWswNjBtS09YOXhHTEZ3ZmxBejJzRWtjLXdpTHRlS3BIS0s1QmlsTGfSAWBBVV95cUxQSXU4VnJfMjNnblRBeWpMWVZfUE13OEt6U0RhTGFkQ3prc09rRENGTHp0X3JfRUhhdldFeXJjOW8zQnRya2ptYmp2bU4xTGVMV08zVGYwNEx0cFpSNFRtT08?oc=5,연합뉴스,ko,??? ?? ??? ?? LPG ??,fuel_tax_cut_policy,relevant,7
2024-03-27,[포커스] 영세사업자 위한 1톤 LPG화물차 구매 보조금 부활해야 - 산업인뉴스,https://news.google.com/rss/articles/CBMibEFVX3lxTE8yLWlrTy1hSnA5alE2NmlZUjRLT2EwVGVQeHZ0cmV0VThURjR1Zm9VUVFMbHpaMHA4MFBfTU4zM25ZMWY1SV8wV19OTDBlamM0ejFkSXR5cHdybjlIMnVreUZzLXhiZXFDQ0JRTw?oc=5,산업인뉴스,ko,??? ?? ??? ?? LPG ??,fuel_tax_cut_policy,relevant,7
2024-04-03,"스탠다드에너지, LPG 충전소에 VIB ESS 연계한다 - 전기신문",https://news.google.com/rss/articles/CBMibEFVX3lxTE03V3BnS2tDYTJzQTFva1NVM2g5MnUtbFFpU0JIbzBrOTB4TzFaeGs0cWF0am5uR194dnlaTjBQaGtFZDdIaVdZNDR6bFRNVjMya3NpMGNLRGpHN1ZveEl5anV4dFRGaGFhemlUSNIBcEFVX3lxTE9nTjVxX3h5cnFVOURLTHQ3clFHNE1ubDBwcWdEQVYwUm5CcjR2ck9yM1U4ZWVRTUtZUzBaZkdCeDl4c3JSS0hnN3ppdUdDZHhTSmE2MVRpZEFCLUdJNUF1NnlzRzk5VnBPNlhucnI4eWE?oc=5,전기신문,ko,??? ?? ??? ?? LPG ??,fuel_tax_cut_policy,relevant,7
2024-04-08,"E1, 유종 따지지 않고 LPG충전소에서 세차 - 가스신문",https://news.google.com/rss/articles/CBMiakFVX3lxTFBDM2xBdTItZVhjWUUzUzhjWGhzQ0ZuR3dTRTZOZU1HOFVwY3VZdjR0aWxENXdNMHQtanVLUjJESDdVNjA0MWE4cmdmM0hUZjVkNG54Y1ozYnFnQXNiMGVKb0dZTlVsemMxVkHSAW5BVV95cUxOWEwycXluV21UeWU2RWJIdnhsclh2WlY1ZEFkU2NTZWl3QS1wUVVsY0hEeDNKRzh1d3ZiX3U4WG9XbnVOTGZJSnJvTENsVnJjYTM5RHVKdURIYWM0ZkFGVGF2cktwc0FTWGJBN181QQ?oc=5,가스신문,ko,??? ?? ??? ?? LPG ??,fuel_tax_cut_policy,relevant,7
2024-04-17,"한화오션, LPG운반선 1척 1천764억원에 수주 - 연합뉴스",https://news.google.com/rss/articles/CBMiW0FVX3lxTE5WdU5kNmVOdXA4NXkzQ0k4enItQzdBNTBiNko1R2FYQU5YcUg1VmFoTENVY0dXZVBQN281YU1mdzdwQjYwSmFIelRBN3dJN0pib1lUMUhsekYyRVnSAWBBVV95cUxQZTRvOWE3ZElyVnlfd2JubkVENmtobnVtaVU2VFpDQ1RfN2FXLVNrS1ZoWlk0bGRYWkwzTTROandjTE42dkt6R2pUOFI5YUU3YXl2bktkQjZZbWowcm42QTM?oc=5,연합뉴스,ko,??? ?? ??? ?? LPG ??,fuel_tax_cut_policy,relevant,7
2024-04-17,"한화오션, 미주지역에서 LPG운반선 1척 1764억 수주 - 해사신문",https://news.google.com/rss/articles/CBMia0FVX3lxTE52N0N1SEdlSU0wZGM0MTVaQnphZ1RWaXBrT3lFcXd5QWlKUjNwTXJ6MVdTYldhLVlhLS1Vb0Y5aXhIdWhvUGdEZ3owNWxoM0Y0dER4d2NJbDgyQ1BlN2ZqZjRLeDY1T0xvR0dN?oc=5,해사신문,ko,??? ?? ??? ?? LPG ??,fuel_tax_cut_policy,relevant,7
2024-04-29,"LPG벌크판매업소 1,125개소로 꾸준히 증가 - 가스신문",https://news.google.com/rss/articles/CBMiakFVX3lxTE1kV3BXQ0lUX2xiQ0V0RHVjNFU2LXBDOUtoaHFNQ19nZml5a3hRS21MTGRGekZ2cDdQb0hFN0kwMlVMdDNxY2cxRjg5SE1rSlZpLTZXdGh0NnFkLTE2Y3JINWFkZVY0S2dObUHSAW5BVV95cUxONjhxbTFLLTlwTGlPUHdKYm10YldHc0g4R1ZtQ2VBS19qVlVzd3R2VzVlX0JnanlhV1JKZXBqQWpJNUQ4VlJ1c2phMlJvUGNlM05ablJMbWJDRGFQUWhhc0Q5TWlPMHZSa3ptRkExZw?oc=5,가스신문,ko,??? ?? ??? ?? LPG ??,fuel_tax_cut_policy,relevant,7
2024-05-17,"평창군, 5명 사상 폭발 사고 난 LPG 충전소 '사용 정지' 명령 - 연합뉴스",https://news.google.com/rss/articles/CBMiW0FVX3lxTE1LT3ZHZDVuZ0dNMFNkWUMzN3o4YTY4Wm1xNm9reFFXdUw0b2hpRzJZWTFFV0dVNWUtcldLbHpXXzNlUUIxMWVqd3F4VjJMSzdNVjFuLUJvWndLNWvSAWBBVV95cUxOTGdaRnRpbEpSR2ZWRkhjQlB4amZRRWcxNzhoeEtuM2JaclNzSndpNUdxODVRZHFqMm8xZkpZMURFbkpLbnRzUDlDVUpMUzB5TDY0NVNidk5yZnlWQVdobTg?oc=5,연합뉴스,ko,??? ?? ??? ?? LPG ??,fuel_tax_cut_policy,relevant,7
2024-05-28,'위기의 LPG업계' 사업 다각화에 총력 - 전기신문,https://news.google.com/rss/articles/CBMibEFVX3lxTFA0ZS1sMXRUclE0alhpREU0T3RLOUZEZWMzdHEtdWRmTmFJQjdpTHBzdThIVGN2T2UtS1JIdGNBdE45T0sxNmVmalpaR0RKczBmMEZlUjI1NkFsRXg4S0gxQXdGSFV2Y2lhbzhGRNIBcEFVX3lxTFAxeHdUckdkOG1VeENjQ2FZQ2RiTjJqbXo4UFRScFFvWWktbmV6Z0NaOUlvWF9wdVVzcGFBZnRuMkNNUXJTMFJLaFl6SWM3Q3ZKaXZnM1lZOW1wb3I0WDNmZkpCd19tRUh5X3R5ZGh6Rk0?oc=5,전기신문,ko,??? ?? ??? ?? LPG ??,fuel_tax_cut_policy,relevant,7
2024-06-07,[시승기] ‘K5 LPG 하이브리드’로 500km 주행 후 실연비 살펴보니 - 다나와 자동차,https://news.google.com/rss/articles/CBMif0FVX3lxTE13VkdVOUhleHhQX3I0TDlUeGlSaUkyNWd6eFdjRkJTYXJaanR2MGU1N0FoSF9qNEUzd2tqbFpQcXZzeGZBUjZfbFRvZXgzVl9iVjJjT3pnR3lMajVZalJ5bS1hc1dZQnNYaGVzNG1idUNNMFMwUFBENExVRWY1bVU?oc=5,다나와 자동차,ko,??? ?? ??? ?? LPG ??,fuel_tax_cut_policy,relevant,7
2024-06-18,[해설] LPG시설 무단으로 철거시 처벌조항 - 가스신문,https://news.google.com/rss/articles/CBMiakFVX3lxTE5USHludEFfMFlKa2dnSi1GbEJGd1VhSExLYUUwUmFDbndSbkMxaTJTREZ4TDg1bnpLZ3NoWDktVGNTc0VmTnJZSWVXdWpNOW1CZ3ZBOFFrc2JhcmJlNkFZREJydG8zUnBOdmfSAW5BVV95cUxPLWktaklfMTdnZjJHX2JieUVrTXVMTV9paWozU05UajFBWU1rTFdrRnp6RkUydVFMa0RVMUhZbkZTNFVDWE1XZ3BxTUZidG4yS0NvS2ZwRnJJWkNPVE5IanBJN2pBZG5hSk9tODBWdw?oc=5,가스신문,ko,??? ?? ??? ?? LPG ??,fuel_tax_cut_policy,relevant,7
2024-06-30,"LPG 공급업체 SK가스·E1, LNG 사업 확장 나선 이유는 - 시사저널e",https://news.google.com/rss/articles/CBMickFVX3lxTE9KR2tjTFdnQ0RhMUtNczdXVWhDLVI2d3BhR2Q4V1lJcGV0SC04ZEVZQXBESHBEVm90Y1dSSnFDMG5yMDAtSjgtczU3ZU94MHN1Y2VIRHFreFJXOUsyNE1PcUpyNHNiSUY0bEhFOHEyMVFGUdIBdkFVX3lxTE11Z2tBVjh2M3VaYkZTMkF1dUpGekgwNFIybkE0YWFnZU5QWHdUaUFPWVFYa2hXR3c1OHBMTEtSckJucmRza19hM01QaFZKMXE0V2pjc00xaDM5akdLem80aTNreWpmU0dQUkJzdUxhdEhLTWdSc1E?oc=5,시사저널e,ko,??? ?? ??? ?? LPG ??,fuel_tax_cut_policy,relevant,7
2024-07-09,"몽골 LPG시장 개척, ‘M1에너지’를 가다 - 에너지신문",https://news.google.com/rss/articles/CBMickFVX3lxTE9ldkJ2cWlwVG1jR1VUZXllR05JMzFfejZqRUpmX3diaUpOdVQzVkp5bUFaLXdFN1FoZmdqeGUwSXR4Yld0UmlKbjJrRWM1VjN3TUNIcnBNUGJDMWJZSVlQSnYwZmdKSTh6ZWdSQU1YLVBtUQ?oc=5,에너지신문,ko,??? ?? ??? ?? LPG ??,fuel_tax_cut_policy,relevant,7
2024-07-29,가스통의 추억…LPG도 미국산 물량 '지붕 뚫고 하이킥' [원자재 이슈탐구] - 한국경제,https://news.google.com/rss/articles/CBMiWkFVX3lxTE40ekt5YUNNcHh6cEoycVJKellDckh0X2NNU1dGUU5NRDM5ZnF1SGtDeHhjcU1kX0hUb3g5OHptSThMUjI3bk5sZ2g3OWZyRTNORVBIYzlKdUJQUdIBVEFVX3lxTFBXVzRobkxPdjJsanYxYWNKbkNvdjNiMkxUSEE2TUxTR3ptNUI0bUx0SzFOYlpuY1FxenpfRVdnYlRjT3ZtdW9QbzAzRk5sY1VyTVlVSQ?oc=5,한국경제,ko,??? ?? ??? ?? LPG ??,fuel_tax_cut_policy,relevant,7
2024-08-01,“LPG는 브릿지연료”…선견지명 포지셔닝으로 대박 난 E1·SK가스 - 에너지경제신문,https://news.google.com/rss/articles/CBMiW0FVX3lxTE5yU20xbnVKQ2ZjWmJKUUYySGNvaWNPdG9LNFI4a29Qa3A1cjA2VkEta3RrX2xyVW5hcmlGMUU4TmRFdWVnZXVwV21MUlJUcTI3aUF4Z2ZVR3djREE?oc=5,에너지경제신문,ko,??? ?? ??? ?? LPG ??,fuel_tax_cut_policy,relevant,7
2024-09-10,산업체 LPG사용 시 PSM(공정안전보고서) 취급 규정량 기준 형평성 어긋나 - 가스신문,https://news.google.com/rss/articles/CBMiakFVX3lxTE9JU0JDalNHc2o2a0drRXhwbTA0NGQydVRJY3AwZU94eXJtSGFFa215Q2xiVlJLRGl6NXlxOWRwUGxtYkx6V1JCMlgwWjRVREJIWTdiSG5uRjM1dGZMc0FTNC1scHkzMFFNTmc?oc=5,가스신문,ko,??? ?? ??? ?? LPG ??,fuel_tax_cut_policy,relevant,7
2024-09-12,LPG충전소 판매량 톱10···‘SK가스·E1·S-OIL’ 順 - 가스신문,https://news.google.com/rss/articles/CBMiakFVX3lxTFBaWDBoMjI2ZEM0dWVhWU4yTlB3azFLOU9jMk1ERjNOUjRTc1h1T0FnOFJteWxNMzRmOTVDMllWYTQ4ZmtMNHl4SWhmMUhWWTFOWXRkSVdrN0FOZG44YklhajQyaHFRVjFvY2fSAW5BVV95cUxQVWt1YmQ5WTNNaTdRLUJINmpPdmZpbFM2cHJzcERqdUZIYkVmbDMwZ3I5LUFRV1UxTkpTbVpGOEVuZ21TenFqLTRYbGlRTUhMWDN2X3BhUVFHSlF0eElZcG1IVWYzLWgteDdKOVdwZw?oc=5,가스신문,ko,??? ?? ??? ?? LPG ??,fuel_tax_cut_policy,relevant,7
2024-09-23,"LPG 충전소, 저장소 폭발·화재 재난 원인분석 및 인명피해 방지 대책 - 대한민국 정책브리핑",https://news.google.com/rss/articles/CBMibEFVX3lxTE5Ja0x5d25GeEhpbnppUVAyVkUzVnJ0aEFkRlhhT0luSmtWQ2pNckJueW1WN3ByVE9BbS0zZmVEeUlsd3FmcnEtbmtYYUdaQmF1US1wMGtaV2IxdlNoZzJBeHJLck56WER0S2NDOA?oc=5,대한민국 정책브리핑,ko,??? ?? ??? ?? LPG ??,fuel_tax_cut_policy,relevant,7
2024-09-23,LPG 충전소 가스누출 때 스피커·확성기로 알림 경보 울린다 - 문화일보,https://news.google.com/rss/articles/CBMiUEFVX3lxTE90NzBmd1NJeTJRT2ZHb1dHQWlhUjdDVXhpNnYtVnMxM21fS2FUb3J0M3hBTEhBN0lXcVgwZzh6dlNSVWVseDA1cHNDWUlwZFNQ?oc=5,문화일보,ko,??? ?? ??? ?? LPG ??,fuel_tax_cut_policy,relevant,7
2024-09-27,‘불합리한 LPG운반차량 주차 기준’ 개선책 필요 - 가스신문,https://news.google.com/rss/articles/CBMiakFVX3lxTE4zWGp3SUE1UWlSdmFVZWNCS2stNTNCS1BMdGx5RlVwNE9ORUhXREJEWndaanNMNjc5UHJ1Q2JSenZlZm1oTHc4QU4zMk4yUkxrUVhOR1hXMUp3NEUwc2lCQ0pVeEE3bFRYWWfSAW5BVV95cUxPVENrekNibm9DQlBwOV9BYUh0MkRMbzRpZUE4a0ZVSnIzdm1MTE9qeHVPb0V2UGJoQmNyeHZNcW1EMDluRHE5SEV3SXZveUcyaG1DRTRPR1V3UVhoY0l4c2RZUGhpeDJnSWhsZW84QQ?oc=5,가스신문,ko,??? ?? ??? ?? LPG ??,fuel_tax_cut_policy,relevant,7
2024-10-02,‘250kg 소형LPG탱크 이격거리’ 규제완화해야 - 가스신문,https://news.google.com/rss/articles/CBMiakFVX3lxTE5BMUY4VHlQaDZSaEw3R2NaZVd1eFg0dk5jTmFJaTMwVzVTUFpRdGU4ZlVuZDYzQS1yR2NOS0xyMUFiTEh0TDQ1RlFsREZIRXNkYmxHM1NPSWtvVExiYWI5VVFlcUo1TFNuNUHSAW5BVV95cUxQQjdFWGI5M180ckpxdUU4WW03ZFVNanVIRy1feTNxazlzb2dkSUFNbFFEazNicUhOajhYVEh5SnlwQlN3cVdoTV9GVGZnbHcwUjlkeG9WRU5iMGVCQUJCVXpFN1QxRWMzYXBIWjJlQQ?oc=5,가스신문,ko,??? ?? ??? ?? LPG ??,fuel_tax_cut_policy,relevant,7
2024-10-02,유가 오르면 연료 바꾼다? LPG 개조車 '바이 퓨얼' 연 3000대 - 중앙일보,https://news.google.com/rss/articles/CBMiVkFVX3lxTE9nLTZ3dW9VTF9jeUNJTTFxREFHUnVkcHlVZ2NzQjZwdFdOUVZKLWg5V0lDNVBhaVcweG5jQklORTdmdGxpYUpUNFd6a3hEMDZtSmNJZnVn?oc=5,중앙일보,ko,??? ?? ??? ?? LPG ??,fuel_tax_cut_policy,relevant,7
2024-10-03,유가 오르면 연료 바꾼다? LPG 개조車 '바이 퓨얼' 연 3000대 - v.daum.net,https://news.google.com/rss/articles/CBMiRkFVX3lxTE5PN1BZbXpoRk9TanFJaTZoSm5MTllMS2I5UzZORkxyZU5TMWtpZWV1dVZtQmNmODZoTktINk5iNDRaVmxsT3c?oc=5,v.daum.net,ko,??? ?? ??? ?? LPG ??,fuel_tax_cut_policy,relevant,7
2024-10-16,"[탐방] LPG하이브리드 개조업체 ‘㈜로’LPG하이브리드 택시 1,200대 운행, 내구성 입증 - 가스신문",https://news.google.com/rss/articles/CBMiakFVX3lxTE9BWTN6ajlONzI5cTF1X0plZXh2QXgtVkUtU2JsZ2dDR1pQZjZhN2FadEdSUHdmcWxRd2UtQnQ2SUNQOEI3UVBTRWR5SUQ1Rmhrejg2UDZ6UHN5QzlVa1Z4UmFFRkdjSHBRTlE?oc=5,가스신문,ko,??? ?? ??? ?? LPG ??,fuel_tax_cut_policy,relevant,7
2024-10-17,[기획] 가스시설 개선사업 현장을 가다LPG사용시설 ‘고무호스 → 금속배관’으로 교체지원사업 한창 - 가스신문,https://news.google.com/rss/articles/CBMiakFVX3lxTE41aTV4clV0R25yOTQ2aVZMX01ITVpsdzVGU3ROM0lBSjZ3amhnSVBNT1FIS0JTcGhEWVVKQWZZZ0o2d0hPNS1HdW9TTlY4NmtBZTJBWTNaQUhPRU9zajczdVVOeVo1XzNKYmc?oc=5,가스신문,ko,??? ?? ??? ?? LPG ??,fuel_tax_cut_policy,relevant,7
2024-10-23,"LPG 배달업체 마당에 가스통 방치… 주민들 ""무섭다"" 호소 - 중부일보",https://news.google.com/rss/articles/CBMib0FVX3lxTE5lUGxBQWpETGMxSGVva1djVUJBVFBKTW5ScGIzWmx1SUpWc2d3VzZJTEo5UmJqNVAwdXZQMEV4RV9qdUU1a3BRTlhUdE1QQTZjZ0c0V0QtNEhackQ1dmc3bFJNc1ZsQ3R3MXFQX2piUQ?oc=5,중부일보,ko,??? ?? ??? ?? LPG ??,fuel_tax_cut_policy,relevant,7
2024-11-06,'5명 사상' LPG 충전소 폭발 초래한 벌크로리 기사 형량 감경 - 연합뉴스,https://news.google.com/rss/articles/CBMiW0FVX3lxTFB2U1pkRWtxUmlxQmpSUU9KMFVjR0o3anJWN296X0Zzd3JINHVvRFpZYXRINWI0Z2dLa2xlSTkxZ3hfVjdoc05iYXRaMXlPczViX0JjUkxRTzROcUXSAWBBVV95cUxPYnVKaU1GbzF3ZW5fQXpGeHdBY1hiOEUzX3FKMWpQZU0tckpocHZYWTBLRUhWYXJsREFFWE81SVFaNWtEWmpzcl9RMFY5a0d3djBlanM4ZGpkbjZYczcxbDY?oc=5,연합뉴스,ko,??? ?? ??? ?? LPG ??,fuel_tax_cut_policy,relevant,7
2024-11-10,[단독]내년 LPG 통학차 보조금 '축소'…유치원·어린이집 일제히 '반발' - 전자신문,https://news.google.com/rss/articles/CBMiTkFVX3lxTFBQbnMzVUxFQkZuUExudUcyWWx3Y0p0UjZRR0traWNvMGpnU2VtT1lHNFR5QUU0SmV4TEtYRUJ0RmFQVDg0elctX1N3a1N3UQ?oc=5,전자신문,ko,??? ?? ??? ?? LPG ??,fuel_tax_cut_policy,relevant,7
2024-11-25,"""LNG도 하자"" 나섰던 LPG업계…트럼프 '이 말'에 가슴 설렌다 - 해사신문",https://news.google.com/rss/articles/CBMia0FVX3lxTE5tU21HTEQ4TjVkZzJCZFNseWpSUzloNTBDN1NxSDFkVllMZmQ1NUZnSjVhM1BnRDBWZTZVd0UzNFNTcVJzVUE2Nmt2ajFSNHdjXzBDTmRLSy1nTVhWOUozUXVYeDdjLXNUdFNZ?oc=5,해사신문,ko,??? ?? ??? ?? LPG ??,fuel_tax_cut_policy,relevant,7
2024-12-12,"파주시, 도시가스 없는 7개 마을에 ‘LPG 저장탱크’ 설치… 연료비 30% 절감 기대 - 경인일보",https://news.google.com/rss/articles/CBMiUkFVX3lxTE9qQmszdFdBTWpmSy1oVGtwRTY5TWNjbUx3Y2RPMFZkaGdfZ08zYV81WjIySFo1WVI0MloybzBKT1FCZzYxZERNYzNZb1lURFE0SXc?oc=5,경인일보,ko,??? ?? ??? ?? LPG ??,fuel_tax_cut_policy,relevant,7
2024-12-31,"[신년 기획] 평창 LPG충전소 폭발 사고 1년, 그 후 안전관리 진단 - 투데이에너지",https://news.google.com/rss/articles/CBMibkFVX3lxTE5Fc0pVd1hSZVhrdDVMdld5UXduZkJpNWliakpLZ252bVhvaFNFLWlKWjNZQjcyQmI0WGhjWmk1VjZoU1VHMVJWb295UkVOR0FITkZRbHEyOXV6SDNXdExoc2ktSEdlaVNJQWYxc0tB?oc=5,투데이에너지,ko,??? ?? ??? ?? LPG ??,fuel_tax_cut_policy,relevant,7
